Transaction_ID,Items
1,"PCH_20,PCH_6,PCH_7"
2,"PCH_10,PCH_15"
3,"PCH_11,PCH_29,PCH_16,PCH_22,PCH_21,PCH_2,PCH_31,PCH_14,PCH_35,PCH_8"
4,"PCH_26,PCH_11,PCH_35,PCH_24,PCH_22,PCH_7,PCH_30,PCH_21,PCH_6"
5,"PCH_22,PCH_34,PCH_26"
6,"PCH_20,PCH_11,PCH_25,PCH_6,PCH_13,PCH_33"
7,"PCH_20,PCH_6,PCH_18,PCH_31,PCH_21"
8,"PCH_28,PCH_19,PCH_34,PCH_3,PCH_30,PCH_23,PCH_13,PCH_2,PCH_33"
9,"PCH_5,PCH_17,PCH_29,PCH_32,PCH_27,PCH_10,PCH_33,PCH_14,PCH_35,PCH_13"
10,"PCH_31,PCH_10,PCH_17,PCH_5"
11,"PCH_8,PCH_1,PCH_7,PCH_25,PCH_23,PCH_35,PCH_24,PCH_26"
12,"PCH_28,PCH_15,PCH_11,PCH_31"
13,"PCH_9,PCH_21,PCH_17,PCH_16,PCH_12,PCH_11,PCH_24,PCH_26,PCH_27,PCH_20"
14,"PCH_1,PCH_8"
15,"PCH_27,PCH_12,PCH_20"
16,"PCH_25,PCH_8,PCH_16,PCH_33,PCH_26,PCH_17"
17,"PCH_20,PCH_13,PCH_33,PCH_5,PCH_7"
18,"PCH_11,PCH_3,PCH_25,PCH_9,PCH_29,PCH_35,PCH_27,PCH_34"
19,"PCH_18,PCH_13,PCH_12,PCH_10,PCH_35"
20,"PCH_23,PCH_26,PCH_32,PCH_33,PCH_34,PCH_5,PCH_10,PCH_25"
21,"PCH_27,PCH_8"
22,"PCH_31,PCH_18,PCH_26,PCH_14,PCH_29,PCH_17"
23,"PCH_21,PCH_9,PCH_16,PCH_3,PCH_27,PCH_32,PCH_35,PCH_5,PCH_30"
24,"PCH_18,PCH_19,PCH_14"
25,"PCH_8,PCH_13"
26,"PCH_13,PCH_15,PCH_10,PCH_2,PCH_21,PCH_25,PCH_35,PCH_31"
27,"PCH_33,PCH_18,PCH_34,PCH_9"
28,"PCH_20,PCH_30,PCH_31"
29,"PCH_17,PCH_20,PCH_25,PCH_6,PCH_18,PCH_28,PCH_21,PCH_26,PCH_11"
30,"PCH_22,PCH_1,PCH_4,PCH_18,PCH_31"
31,"PCH_6,PCH_32,PCH_13,PCH_8,PCH_14,PCH_18,PCH_35,PCH_15,PCH_7"
32,"PCH_11,PCH_25"
33,"PCH_22,PCH_25,PCH_15,PCH_23,PCH_10,PCH_2,PCH_35"
34,"PCH_28,PCH_11,PCH_13,PCH_27,PCH_23,PCH_6"
35,"PCH_11,PCH_4"
36,"PCH_16,PCH_22,PCH_23,PCH_35"
37,"PCH_9,PCH_18"
38,"PCH_14,PCH_31"
39,"PCH_8,PCH_11,PCH_13,PCH_31"
40,"PCH_12,PCH_27,PCH_35,PCH_14,PCH_22,PCH_20,PCH_15,PCH_34,PCH_7"
41,"PCH_1,PCH_27,PCH_2,PCH_32,PCH_16,PCH_28,PCH_30,PCH_10"
42,"PCH_20,PCH_26,PCH_24,PCH_10,PCH_25,PCH_15,PCH_2"
43,"PCH_35,PCH_14,PCH_8,PCH_30,PCH_25,PCH_11"
44,"PCH_15,PCH_31,PCH_8,PCH_19"
45,"PCH_4,PCH_26,PCH_18,PCH_34,PCH_12,PCH_24,PCH_9,PCH_28,PCH_16"
46,"PCH_12,PCH_13,PCH_8,PCH_9,PCH_24,PCH_22,PCH_10,PCH_21,PCH_26,PCH_31"
47,"PCH_2,PCH_9,PCH_17,PCH_8,PCH_24,PCH_6"
48,"PCH_23,PCH_17,PCH_34,PCH_33,PCH_30,PCH_9"
49,"PCH_28,PCH_14,PCH_15,PCH_31"
50,"PCH_33,PCH_18,PCH_34,PCH_17,PCH_29,PCH_11,PCH_32,PCH_28"
51,"PCH_14,PCH_29,PCH_25,PCH_3,PCH_6,PCH_24,PCH_32"
52,"PCH_23,PCH_17,PCH_1,PCH_9"
53,"PCH_4,PCH_30,PCH_24"
54,"PCH_30,PCH_18,PCH_31,PCH_34,PCH_15,PCH_2,PCH_20,PCH_26"
55,"PCH_32,PCH_17,PCH_5,PCH_3,PCH_4,PCH_21,PCH_8,PCH_14,PCH_25"
56,"PCH_5,PCH_29"
57,"PCH_29,PCH_10,PCH_6,PCH_17,PCH_14,PCH_8,PCH_35,PCH_33,PCH_2,PCH_22"
58,"PCH_18,PCH_10,PCH_29,PCH_2,PCH_20,PCH_5,PCH_8,PCH_30,PCH_9"
59,"PCH_10,PCH_3"
60,"PCH_29,PCH_18,PCH_1"
61,"PCH_6,PCH_34,PCH_19,PCH_33,PCH_10,PCH_3,PCH_15"
62,"PCH_2,PCH_11,PCH_6,PCH_28,PCH_35,PCH_25"
63,"PCH_23,PCH_29,PCH_14,PCH_26,PCH_19,PCH_7,PCH_32"
64,"PCH_17,PCH_3,PCH_29"
65,"PCH_25,PCH_5,PCH_13,PCH_34,PCH_19,PCH_9"
66,"PCH_13,PCH_24,PCH_8"
67,"PCH_13,PCH_31,PCH_27,PCH_9,PCH_17,PCH_30,PCH_14,PCH_22,PCH_35"
68,"PCH_11,PCH_6,PCH_18,PCH_1,PCH_24"
69,"PCH_8,PCH_31,PCH_17,PCH_20,PCH_1,PCH_25,PCH_32"
70,"PCH_30,PCH_5,PCH_8,PCH_10"
71,"PCH_27,PCH_22,PCH_19,PCH_1,PCH_18,PCH_34,PCH_12,PCH_35"
72,"PCH_2,PCH_10,PCH_29,PCH_33,PCH_9,PCH_30,PCH_18"
73,"PCH_18,PCH_1,PCH_33,PCH_4,PCH_24,PCH_29,PCH_27"
74,"PCH_9,PCH_8,PCH_21,PCH_5,PCH_27,PCH_18,PCH_13,PCH_24"
75,"PCH_32,PCH_6,PCH_18,PCH_34,PCH_29"
76,"PCH_31,PCH_6"
77,"PCH_5,PCH_31,PCH_17,PCH_1"
78,"PCH_32,PCH_11,PCH_8,PCH_34,PCH_14"
79,"PCH_10,PCH_32,PCH_6,PCH_12,PCH_9,PCH_14,PCH_15,PCH_29"
80,"PCH_1,PCH_33,PCH_35,PCH_3,PCH_16,PCH_22,PCH_30,PCH_17"
81,"PCH_34,PCH_21"
82,"PCH_23,PCH_29,PCH_21,PCH_3"
83,"PCH_34,PCH_9,PCH_12,PCH_6,PCH_35,PCH_14"
84,"PCH_35,PCH_8,PCH_15,PCH_18,PCH_6,PCH_20"
85,"PCH_28,PCH_6,PCH_18,PCH_35"
86,"PCH_7,PCH_4,PCH_22,PCH_3,PCH_5,PCH_35,PCH_17,PCH_15,PCH_19,PCH_18"
87,"PCH_14,PCH_26,PCH_17,PCH_3"
88,"PCH_19,PCH_13,PCH_16"
89,"PCH_15,PCH_20,PCH_16"
90,"PCH_1,PCH_17,PCH_14,PCH_21,PCH_9,PCH_29,PCH_2"
91,"PCH_24,PCH_14,PCH_1,PCH_27,PCH_16,PCH_21,PCH_31"
92,"PCH_14,PCH_18,PCH_34,PCH_1,PCH_20,PCH_13,PCH_25,PCH_27,PCH_8"
93,"PCH_24,PCH_12,PCH_19,PCH_21,PCH_31,PCH_14,PCH_32,PCH_13"
94,"PCH_15,PCH_2,PCH_18"
95,"PCH_25,PCH_27,PCH_31,PCH_34,PCH_16,PCH_32,PCH_12,PCH_3,PCH_5"
96,"PCH_19,PCH_2,PCH_10,PCH_21,PCH_28,PCH_31,PCH_18,PCH_25,PCH_9"
97,"PCH_27,PCH_9,PCH_15,PCH_2,PCH_35,PCH_13,PCH_31,PCH_19"
98,"PCH_15,PCH_30,PCH_26,PCH_13,PCH_21,PCH_10"
99,"PCH_27,PCH_20,PCH_18,PCH_28,PCH_3,PCH_19,PCH_21,PCH_14"
100,"PCH_17,PCH_24,PCH_16,PCH_21,PCH_7"
101,"PCH_26,PCH_11,PCH_8,PCH_13"
102,"PCH_10,PCH_31,PCH_15,PCH_8,PCH_28,PCH_4,PCH_11,PCH_27"
103,"PCH_33,PCH_20,PCH_19,PCH_10,PCH_1,PCH_8"
104,"PCH_25,PCH_3,PCH_26,PCH_17,PCH_24,PCH_33,PCH_19,PCH_10,PCH_20"
105,"PCH_11,PCH_14,PCH_35,PCH_30"
106,"PCH_33,PCH_3,PCH_34,PCH_6,PCH_20,PCH_25,PCH_15"
107,"PCH_5,PCH_9,PCH_19,PCH_1"
108,"PCH_27,PCH_3,PCH_2,PCH_23,PCH_31,PCH_1,PCH_15,PCH_20,PCH_16"
109,"PCH_34,PCH_15,PCH_8,PCH_26,PCH_21,PCH_28"
110,"PCH_6,PCH_10"
111,"PCH_21,PCH_29,PCH_11,PCH_19,PCH_8"
112,"PCH_2,PCH_32,PCH_12,PCH_4,PCH_23,PCH_10,PCH_15,PCH_27"
113,"PCH_32,PCH_3,PCH_11,PCH_13,PCH_5"
114,"PCH_33,PCH_3,PCH_34,PCH_11,PCH_13,PCH_9"
115,"PCH_2,PCH_20,PCH_31,PCH_28,PCH_35,PCH_17"
116,"PCH_19,PCH_22"
117,"PCH_7,PCH_20,PCH_28,PCH_35,PCH_10,PCH_4,PCH_3"
118,"PCH_32,PCH_17,PCH_34,PCH_30,PCH_19,PCH_5,PCH_27"
119,"PCH_4,PCH_15,PCH_26,PCH_13,PCH_14,PCH_32"
120,"PCH_1,PCH_31,PCH_17"
121,"PCH_9,PCH_5,PCH_8,PCH_26"
122,"PCH_25,PCH_35,PCH_9,PCH_17,PCH_10"
123,"PCH_27,PCH_26,PCH_32,PCH_13,PCH_6,PCH_17"
124,"PCH_34,PCH_8,PCH_32,PCH_31,PCH_14,PCH_2,PCH_13"
125,"PCH_30,PCH_22,PCH_4,PCH_9,PCH_14,PCH_5,PCH_10"
126,"PCH_17,PCH_7,PCH_11"
127,"PCH_33,PCH_4,PCH_23"
128,"PCH_22,PCH_11,PCH_2,PCH_4,PCH_32,PCH_30,PCH_10,PCH_24,PCH_9,PCH_33"
129,"PCH_33,PCH_16,PCH_14,PCH_1,PCH_9,PCH_12,PCH_6,PCH_13,PCH_7,PCH_3"
130,"PCH_1,PCH_2,PCH_8,PCH_24,PCH_6,PCH_9,PCH_11,PCH_27,PCH_7"
131,"PCH_21,PCH_33,PCH_4,PCH_8,PCH_32,PCH_34,PCH_12"
132,"PCH_2,PCH_18,PCH_15,PCH_26,PCH_11,PCH_9,PCH_8,PCH_19"
133,"PCH_13,PCH_23"
134,"PCH_1,PCH_6,PCH_9,PCH_31,PCH_5,PCH_2,PCH_27,PCH_21,PCH_19,PCH_11"
135,"PCH_18,PCH_31,PCH_2"
136,"PCH_3,PCH_32,PCH_19"
137,"PCH_31,PCH_20"
138,"PCH_22,PCH_10,PCH_13,PCH_14,PCH_16,PCH_5"
139,"PCH_35,PCH_29,PCH_8,PCH_6,PCH_21,PCH_16,PCH_15,PCH_24,PCH_9,PCH_19"
140,"PCH_5,PCH_23,PCH_21,PCH_6,PCH_26"
141,"PCH_22,PCH_32,PCH_12,PCH_13"
142,"PCH_18,PCH_15,PCH_22,PCH_14,PCH_29,PCH_3,PCH_33,PCH_25"
143,"PCH_32,PCH_12,PCH_14,PCH_35,PCH_17,PCH_13,PCH_8,PCH_31,PCH_9,PCH_30"
144,"PCH_8,PCH_10,PCH_17,PCH_21"
145,"PCH_14,PCH_18,PCH_27,PCH_16,PCH_19"
146,"PCH_25,PCH_12"
147,"PCH_14,PCH_34,PCH_28,PCH_13,PCH_8"
148,"PCH_12,PCH_32,PCH_34,PCH_15,PCH_10,PCH_25,PCH_21"
149,"PCH_16,PCH_20,PCH_24,PCH_28,PCH_3,PCH_30,PCH_31"
150,"PCH_33,PCH_8,PCH_7,PCH_31,PCH_3,PCH_18,PCH_1,PCH_6"
151,"PCH_29,PCH_27,PCH_15"
152,"PCH_20,PCH_23,PCH_19"
153,"PCH_12,PCH_4,PCH_25,PCH_31,PCH_35"
154,"PCH_28,PCH_34,PCH_2,PCH_33,PCH_6,PCH_14,PCH_8,PCH_24,PCH_3,PCH_27"
155,"PCH_9,PCH_30,PCH_3,PCH_17,PCH_7,PCH_1,PCH_5,PCH_27"
156,"PCH_30,PCH_28,PCH_21,PCH_27"
157,"PCH_9,PCH_17,PCH_22"
158,"PCH_15,PCH_6,PCH_25,PCH_24"
159,"PCH_21,PCH_24,PCH_33,PCH_11,PCH_30,PCH_1,PCH_3,PCH_16,PCH_15"
160,"PCH_25,PCH_31,PCH_7,PCH_26,PCH_14"
161,"PCH_4,PCH_3,PCH_29,PCH_32,PCH_6,PCH_28,PCH_17,PCH_9,PCH_8,PCH_7"
162,"PCH_15,PCH_24,PCH_35,PCH_31,PCH_26,PCH_5,PCH_19,PCH_12,PCH_27"
163,"PCH_20,PCH_13"
164,"PCH_35,PCH_12,PCH_33,PCH_20,PCH_8"
165,"PCH_24,PCH_12,PCH_22,PCH_25,PCH_20,PCH_35,PCH_10,PCH_9"
166,"PCH_24,PCH_6,PCH_16"
167,"PCH_5,PCH_31,PCH_24,PCH_13,PCH_6,PCH_2,PCH_15,PCH_7,PCH_16,PCH_21"
168,"PCH_16,PCH_11"
169,"PCH_9,PCH_11,PCH_16,PCH_3"
170,"PCH_13,PCH_32,PCH_34,PCH_18,PCH_15"
171,"PCH_5,PCH_26,PCH_16,PCH_7,PCH_18,PCH_12"
172,"PCH_33,PCH_21,PCH_15,PCH_23,PCH_3"
173,"PCH_19,PCH_33,PCH_32,PCH_7,PCH_6,PCH_8,PCH_31,PCH_15"
174,"PCH_14,PCH_12,PCH_16,PCH_26,PCH_25,PCH_9,PCH_35,PCH_23"
175,"PCH_5,PCH_26,PCH_2,PCH_22,PCH_19,PCH_32,PCH_6,PCH_8,PCH_9"
176,"PCH_32,PCH_27,PCH_11,PCH_17,PCH_9,PCH_5,PCH_23"
177,"PCH_33,PCH_30,PCH_31,PCH_34"
178,"PCH_32,PCH_5,PCH_30,PCH_12,PCH_29"
179,"PCH_2,PCH_28,PCH_14,PCH_19,PCH_26"
180,"PCH_24,PCH_12,PCH_16,PCH_13,PCH_5,PCH_1"
181,"PCH_29,PCH_11,PCH_13"
182,"PCH_26,PCH_2,PCH_7,PCH_21,PCH_8,PCH_32,PCH_28,PCH_25"
183,"PCH_21,PCH_35,PCH_29,PCH_4,PCH_18,PCH_28,PCH_7"
184,"PCH_27,PCH_1,PCH_12,PCH_21,PCH_25,PCH_29"
185,"PCH_33,PCH_22"
186,"PCH_20,PCH_30,PCH_12"
187,"PCH_33,PCH_23,PCH_20,PCH_9,PCH_2"
188,"PCH_21,PCH_34,PCH_17,PCH_5,PCH_30,PCH_10,PCH_4,PCH_24,PCH_1"
189,"PCH_16,PCH_30"
190,"PCH_11,PCH_12,PCH_1,PCH_13,PCH_17,PCH_16,PCH_6,PCH_32,PCH_2"
191,"PCH_27,PCH_26,PCH_12,PCH_18"
192,"PCH_2,PCH_35,PCH_27,PCH_26,PCH_6,PCH_16,PCH_3,PCH_4,PCH_17"
193,"PCH_19,PCH_18,PCH_20,PCH_24,PCH_25,PCH_15,PCH_27"
194,"PCH_10,PCH_7,PCH_1,PCH_24,PCH_6,PCH_17,PCH_16,PCH_8,PCH_13,PCH_22"
195,"PCH_9,PCH_14"
196,"PCH_30,PCH_12,PCH_10,PCH_2,PCH_29,PCH_23,PCH_13,PCH_5,PCH_6,PCH_27"
197,"PCH_19,PCH_2,PCH_20,PCH_7"
198,"PCH_28,PCH_14"
199,"PCH_3,PCH_21,PCH_31,PCH_15,PCH_34,PCH_18,PCH_29,PCH_28,PCH_7"
200,"PCH_6,PCH_25,PCH_14,PCH_34"
201,"PCH_6,PCH_35,PCH_28,PCH_33,PCH_3,PCH_2,PCH_23,PCH_17,PCH_29"
202,"PCH_35,PCH_3,PCH_13,PCH_6,PCH_24,PCH_27"
203,"PCH_20,PCH_23,PCH_29"
204,"PCH_14,PCH_9,PCH_6"
205,"PCH_30,PCH_15,PCH_10,PCH_24,PCH_4,PCH_33,PCH_3,PCH_21,PCH_23,PCH_18"
206,"PCH_2,PCH_1,PCH_5,PCH_35,PCH_11,PCH_26,PCH_21,PCH_22,PCH_14,PCH_3"
207,"PCH_27,PCH_34,PCH_22,PCH_35,PCH_9"
208,"PCH_35,PCH_12,PCH_13,PCH_6,PCH_31,PCH_18"
209,"PCH_3,PCH_13,PCH_7"
210,"PCH_1,PCH_27,PCH_14,PCH_32,PCH_29,PCH_16,PCH_35"
211,"PCH_13,PCH_1,PCH_16,PCH_2,PCH_14,PCH_3"
212,"PCH_35,PCH_4,PCH_26"
213,"PCH_17,PCH_21,PCH_6,PCH_28,PCH_15,PCH_27,PCH_20"
214,"PCH_19,PCH_26,PCH_17,PCH_23,PCH_1,PCH_33,PCH_11,PCH_7"
215,"PCH_11,PCH_30,PCH_28,PCH_17,PCH_23"
216,"PCH_5,PCH_24,PCH_29,PCH_8,PCH_15,PCH_25,PCH_30,PCH_20,PCH_34"
217,"PCH_28,PCH_4,PCH_25,PCH_31,PCH_17,PCH_21,PCH_30,PCH_11,PCH_3,PCH_14"
218,"PCH_10,PCH_33,PCH_13,PCH_24,PCH_32,PCH_6,PCH_26"
219,"PCH_17,PCH_33,PCH_32,PCH_7,PCH_6,PCH_24,PCH_21"
220,"PCH_17,PCH_16,PCH_21,PCH_9,PCH_13,PCH_15"
221,"PCH_10,PCH_30,PCH_28,PCH_3,PCH_18"
222,"PCH_29,PCH_17"
223,"PCH_18,PCH_26,PCH_2"
224,"PCH_22,PCH_13,PCH_4"
225,"PCH_9,PCH_17,PCH_14,PCH_33,PCH_22"
226,"PCH_28,PCH_17,PCH_21,PCH_8,PCH_4,PCH_18,PCH_29,PCH_2"
227,"PCH_13,PCH_19,PCH_2,PCH_23,PCH_4,PCH_17"
228,"PCH_27,PCH_5,PCH_12,PCH_20,PCH_18,PCH_6"
229,"PCH_34,PCH_18,PCH_25,PCH_22,PCH_32,PCH_4"
230,"PCH_14,PCH_20"
231,"PCH_26,PCH_5,PCH_25"
232,"PCH_33,PCH_16,PCH_32,PCH_29"
233,"PCH_20,PCH_23,PCH_33,PCH_21,PCH_9,PCH_16,PCH_7,PCH_10"
234,"PCH_32,PCH_8,PCH_3,PCH_26,PCH_24,PCH_2"
235,"PCH_27,PCH_1,PCH_7,PCH_8,PCH_21,PCH_20,PCH_17,PCH_25,PCH_14"
236,"PCH_28,PCH_4,PCH_22,PCH_7,PCH_12,PCH_13,PCH_26,PCH_11"
237,"PCH_13,PCH_19,PCH_22,PCH_17,PCH_25,PCH_20,PCH_35,PCH_10,PCH_23,PCH_9"
238,"PCH_7,PCH_33,PCH_29,PCH_12,PCH_10,PCH_8,PCH_14"
239,"PCH_24,PCH_7"
240,"PCH_29,PCH_13,PCH_9,PCH_15"
241,"PCH_27,PCH_6,PCH_8,PCH_21,PCH_32"
242,"PCH_23,PCH_13"
243,"PCH_6,PCH_32,PCH_2,PCH_21"
244,"PCH_5,PCH_31,PCH_19,PCH_23,PCH_2"
245,"PCH_23,PCH_16,PCH_10,PCH_30,PCH_1,PCH_35"
246,"PCH_11,PCH_14,PCH_28,PCH_13,PCH_9"
247,"PCH_15,PCH_5,PCH_35,PCH_27,PCH_14,PCH_19,PCH_11,PCH_13,PCH_34"
248,"PCH_1,PCH_26"
249,"PCH_22,PCH_7,PCH_28,PCH_27,PCH_1,PCH_11,PCH_19,PCH_6,PCH_12,PCH_2"
250,"PCH_4,PCH_21,PCH_7,PCH_23"
251,"PCH_27,PCH_23,PCH_7,PCH_34,PCH_33"
252,"PCH_24,PCH_9,PCH_8,PCH_29,PCH_10,PCH_19,PCH_20,PCH_32"
253,"PCH_15,PCH_16,PCH_10,PCH_5,PCH_34,PCH_18,PCH_24,PCH_30,PCH_27,PCH_7"
254,"PCH_25,PCH_30"
255,"PCH_20,PCH_2,PCH_12"
256,"PCH_15,PCH_31,PCH_28,PCH_20,PCH_26"
257,"PCH_14,PCH_8,PCH_9"
258,"PCH_4,PCH_34,PCH_32,PCH_19"
259,"PCH_17,PCH_12,PCH_26,PCH_8,PCH_1,PCH_19,PCH_3,PCH_30,PCH_21"
260,"PCH_4,PCH_14"
261,"PCH_30,PCH_18,PCH_9,PCH_33,PCH_34"
262,"PCH_31,PCH_4,PCH_24"
263,"PCH_12,PCH_4,PCH_3"
264,"PCH_1,PCH_27,PCH_15,PCH_23,PCH_18,PCH_32,PCH_21,PCH_9,PCH_24,PCH_31"
265,"PCH_29,PCH_9,PCH_7,PCH_31,PCH_15"
266,"PCH_23,PCH_15,PCH_28,PCH_7,PCH_33,PCH_5,PCH_6,PCH_27,PCH_3,PCH_2"
267,"PCH_25,PCH_12,PCH_29,PCH_26"
268,"PCH_16,PCH_7,PCH_27,PCH_33,PCH_21,PCH_18,PCH_28,PCH_34,PCH_31"
269,"PCH_26,PCH_19,PCH_20,PCH_4,PCH_31"
270,"PCH_22,PCH_29,PCH_8,PCH_16"
271,"PCH_8,PCH_5,PCH_7,PCH_20,PCH_18,PCH_13,PCH_1,PCH_35,PCH_25"
272,"PCH_8,PCH_10,PCH_32,PCH_27"
273,"PCH_25,PCH_5,PCH_22,PCH_33,PCH_10,PCH_18,PCH_34,PCH_13"
274,"PCH_2,PCH_7,PCH_11,PCH_4,PCH_14"
275,"PCH_24,PCH_34,PCH_33,PCH_15,PCH_16,PCH_22,PCH_32,PCH_7,PCH_10"
276,"PCH_30,PCH_24,PCH_18,PCH_23,PCH_21,PCH_11,PCH_34,PCH_17"
277,"PCH_18,PCH_22,PCH_35"
278,"PCH_28,PCH_21,PCH_35,PCH_1,PCH_23,PCH_24"
279,"PCH_20,PCH_18,PCH_35,PCH_32,PCH_33,PCH_11"
280,"PCH_29,PCH_8,PCH_4,PCH_17,PCH_11,PCH_18,PCH_32,PCH_22,PCH_27,PCH_21"
281,"PCH_35,PCH_11,PCH_31,PCH_30,PCH_25,PCH_9,PCH_1,PCH_26,PCH_8,PCH_19"
282,"PCH_35,PCH_8,PCH_28,PCH_19,PCH_17"
283,"PCH_7,PCH_19,PCH_2,PCH_28"
284,"PCH_30,PCH_2,PCH_18,PCH_26"
285,"PCH_22,PCH_20"
286,"PCH_26,PCH_17"
287,"PCH_20,PCH_15,PCH_12,PCH_16,PCH_14,PCH_4,PCH_32,PCH_6,PCH_33"
288,"PCH_6,PCH_20,PCH_25,PCH_34,PCH_35,PCH_16,PCH_28,PCH_3"
289,"PCH_13,PCH_12,PCH_3,PCH_25,PCH_11,PCH_9,PCH_21"
290,"PCH_5,PCH_31,PCH_4,PCH_29,PCH_33,PCH_23,PCH_27,PCH_10,PCH_18,PCH_32"
291,"PCH_17,PCH_4,PCH_13,PCH_35,PCH_2,PCH_1,PCH_7"
292,"PCH_26,PCH_20,PCH_30"
293,"PCH_15,PCH_2,PCH_25,PCH_19,PCH_23,PCH_35,PCH_3,PCH_29,PCH_21,PCH_31"
294,"PCH_34,PCH_9,PCH_14"
295,"PCH_20,PCH_13,PCH_26,PCH_3"
296,"PCH_6,PCH_7,PCH_8,PCH_32"
297,"PCH_12,PCH_32,PCH_20,PCH_7,PCH_6,PCH_22,PCH_18"
298,"PCH_27,PCH_34"
299,"PCH_10,PCH_8,PCH_25,PCH_31,PCH_34,PCH_16,PCH_9"
300,"PCH_28,PCH_9,PCH_7,PCH_2,PCH_13,PCH_27,PCH_3,PCH_17"
301,"PCH_14,PCH_6,PCH_30,PCH_27,PCH_31,PCH_11,PCH_32,PCH_23"
302,"PCH_19,PCH_33,PCH_1,PCH_22,PCH_9,PCH_10"
303,"PCH_13,PCH_12,PCH_21,PCH_10,PCH_27,PCH_1,PCH_16,PCH_2"
304,"PCH_13,PCH_3,PCH_27,PCH_19,PCH_20,PCH_35,PCH_29"
305,"PCH_8,PCH_32,PCH_5,PCH_19,PCH_11,PCH_20,PCH_2,PCH_26,PCH_24,PCH_1"
306,"PCH_26,PCH_7,PCH_15,PCH_24,PCH_18"
307,"PCH_25,PCH_32,PCH_4,PCH_9"
308,"PCH_30,PCH_5,PCH_22"
309,"PCH_34,PCH_16,PCH_31,PCH_20,PCH_3,PCH_1"
310,"PCH_35,PCH_4,PCH_30,PCH_15,PCH_16,PCH_31"
311,"PCH_13,PCH_6"
312,"PCH_16,PCH_25,PCH_32,PCH_12,PCH_10"
313,"PCH_15,PCH_13,PCH_11,PCH_7,PCH_6,PCH_5,PCH_24"
314,"PCH_9,PCH_34,PCH_19,PCH_21"
315,"PCH_13,PCH_33,PCH_27"
316,"PCH_26,PCH_18,PCH_4,PCH_28,PCH_1"
317,"PCH_12,PCH_28,PCH_34,PCH_7,PCH_8,PCH_19"
318,"PCH_35,PCH_2,PCH_13,PCH_30,PCH_25"
319,"PCH_16,PCH_4"
320,"PCH_10,PCH_2"
321,"PCH_35,PCH_2"
322,"PCH_24,PCH_32,PCH_17,PCH_10"
323,"PCH_23,PCH_2,PCH_10"
324,"PCH_3,PCH_29,PCH_31,PCH_26"
325,"PCH_10,PCH_4,PCH_6,PCH_5"
326,"PCH_3,PCH_28,PCH_24,PCH_8,PCH_12,PCH_30"
327,"PCH_32,PCH_13,PCH_22,PCH_24,PCH_28,PCH_23,PCH_5,PCH_19,PCH_3"
328,"PCH_17,PCH_15,PCH_31,PCH_9,PCH_7,PCH_28,PCH_5,PCH_3"
329,"PCH_12,PCH_31,PCH_5,PCH_1,PCH_25"
330,"PCH_16,PCH_12,PCH_27,PCH_35,PCH_31,PCH_14,PCH_34"
331,"PCH_30,PCH_13,PCH_3,PCH_20,PCH_19,PCH_26"
332,"PCH_15,PCH_20,PCH_30,PCH_17,PCH_4,PCH_7,PCH_35,PCH_23,PCH_9,PCH_29"
333,"PCH_27,PCH_8"
334,"PCH_19,PCH_31,PCH_3,PCH_33"
335,"PCH_28,PCH_35,PCH_10,PCH_4,PCH_29,PCH_6,PCH_9,PCH_8"
336,"PCH_28,PCH_23,PCH_27,PCH_30,PCH_25,PCH_32,PCH_20,PCH_33,PCH_11"
337,"PCH_30,PCH_11,PCH_1,PCH_8,PCH_16"
338,"PCH_34,PCH_3,PCH_2"
339,"PCH_31,PCH_29,PCH_26"
340,"PCH_18,PCH_29,PCH_6,PCH_1,PCH_30"
341,"PCH_18,PCH_4,PCH_21,PCH_29,PCH_28,PCH_15,PCH_34"
342,"PCH_33,PCH_21,PCH_30,PCH_14,PCH_4,PCH_18,PCH_32,PCH_2,PCH_10,PCH_34"
343,"PCH_32,PCH_34,PCH_24"
344,"PCH_23,PCH_31,PCH_25,PCH_5,PCH_29,PCH_3"
345,"PCH_32,PCH_7,PCH_25,PCH_10,PCH_4,PCH_18,PCH_34,PCH_17,PCH_28"
346,"PCH_26,PCH_10,PCH_27,PCH_33,PCH_11,PCH_23"
347,"PCH_4,PCH_34"
348,"PCH_23,PCH_16,PCH_35,PCH_5,PCH_17,PCH_9"
349,"PCH_28,PCH_20,PCH_24"
350,"PCH_7,PCH_17,PCH_4,PCH_33,PCH_19,PCH_34,PCH_2,PCH_8"
351,"PCH_22,PCH_18,PCH_29,PCH_7,PCH_26,PCH_17,PCH_20,PCH_13"
352,"PCH_1,PCH_14,PCH_2,PCH_35,PCH_18"
353,"PCH_34,PCH_19,PCH_15,PCH_22,PCH_16,PCH_5,PCH_2,PCH_17"
354,"PCH_2,PCH_27"
355,"PCH_3,PCH_24,PCH_29,PCH_35,PCH_21,PCH_16,PCH_8,PCH_13,PCH_20"
356,"PCH_26,PCH_8,PCH_5,PCH_3,PCH_20,PCH_4"
357,"PCH_3,PCH_2,PCH_30,PCH_28,PCH_11,PCH_6"
358,"PCH_1,PCH_13,PCH_5,PCH_4,PCH_6"
359,"PCH_24,PCH_9"
360,"PCH_26,PCH_6,PCH_9,PCH_16"
361,"PCH_32,PCH_33"
362,"PCH_35,PCH_30,PCH_31,PCH_32,PCH_24,PCH_21"
363,"PCH_14,PCH_23,PCH_18,PCH_26,PCH_28,PCH_7,PCH_4,PCH_20,PCH_32,PCH_16"
364,"PCH_25,PCH_31,PCH_3,PCH_1"
365,"PCH_25,PCH_13,PCH_20,PCH_19,PCH_30,PCH_9,PCH_7,PCH_2"
366,"PCH_10,PCH_20,PCH_11,PCH_2,PCH_18,PCH_15,PCH_22,PCH_28"
367,"PCH_2,PCH_6,PCH_15"
368,"PCH_29,PCH_17,PCH_34,PCH_20"
369,"PCH_5,PCH_4,PCH_9"
370,"PCH_16,PCH_5,PCH_23,PCH_35,PCH_15,PCH_6,PCH_27,PCH_29"
371,"PCH_29,PCH_25,PCH_34,PCH_35,PCH_17,PCH_21,PCH_12,PCH_16,PCH_30,PCH_27"
372,"PCH_25,PCH_15,PCH_18,PCH_32,PCH_3,PCH_21,PCH_6,PCH_20,PCH_19,PCH_29"
373,"PCH_17,PCH_20"
374,"PCH_8,PCH_9,PCH_5,PCH_2"
375,"PCH_19,PCH_13"
376,"PCH_13,PCH_17,PCH_28,PCH_5,PCH_19,PCH_32,PCH_18,PCH_34,PCH_16"
377,"PCH_12,PCH_6,PCH_5,PCH_27,PCH_8,PCH_4,PCH_10"
378,"PCH_17,PCH_31,PCH_3,PCH_34,PCH_23,PCH_19"
379,"PCH_15,PCH_25,PCH_23,PCH_2,PCH_35,PCH_13"
380,"PCH_11,PCH_31,PCH_26,PCH_18,PCH_13,PCH_27,PCH_32,PCH_7,PCH_17,PCH_19"
381,"PCH_6,PCH_17,PCH_27"
382,"PCH_31,PCH_28"
383,"PCH_14,PCH_4,PCH_31,PCH_30,PCH_29,PCH_1,PCH_8,PCH_27,PCH_12,PCH_33"
384,"PCH_3,PCH_5,PCH_16"
385,"PCH_8,PCH_13,PCH_19,PCH_31,PCH_17,PCH_12"
386,"PCH_18,PCH_33,PCH_5,PCH_16"
387,"PCH_28,PCH_8"
388,"PCH_28,PCH_7,PCH_33,PCH_4,PCH_9,PCH_19"
389,"PCH_15,PCH_20,PCH_5,PCH_17,PCH_19,PCH_25,PCH_14"
390,"PCH_31,PCH_18,PCH_22,PCH_35,PCH_23,PCH_2,PCH_8,PCH_33"
391,"PCH_34,PCH_25,PCH_33,PCH_13,PCH_35"
392,"PCH_28,PCH_27,PCH_33,PCH_29"
393,"PCH_17,PCH_4,PCH_29"
394,"PCH_18,PCH_2,PCH_35,PCH_12,PCH_7,PCH_1,PCH_24,PCH_3"
395,"PCH_15,PCH_26,PCH_35,PCH_2,PCH_14,PCH_34,PCH_32,PCH_4,PCH_27"
396,"PCH_9,PCH_24,PCH_14,PCH_21,PCH_34,PCH_32,PCH_27,PCH_8"
397,"PCH_30,PCH_24,PCH_31,PCH_34,PCH_11,PCH_9,PCH_33,PCH_8"
398,"PCH_25,PCH_3,PCH_35,PCH_11"
399,"PCH_10,PCH_16,PCH_30,PCH_2,PCH_7"
400,"PCH_14,PCH_35,PCH_13,PCH_29"
401,"PCH_21,PCH_12,PCH_33"
402,"PCH_20,PCH_6,PCH_8,PCH_25,PCH_10"
403,"PCH_25,PCH_24,PCH_21"
404,"PCH_24,PCH_31,PCH_1,PCH_34,PCH_13,PCH_35"
405,"PCH_30,PCH_11,PCH_24,PCH_4,PCH_5,PCH_26,PCH_27"
406,"PCH_7,PCH_30,PCH_18"
407,"PCH_5,PCH_23,PCH_8,PCH_34,PCH_15,PCH_26,PCH_30"
408,"PCH_26,PCH_7,PCH_14,PCH_1,PCH_10"
409,"PCH_20,PCH_23,PCH_6,PCH_22,PCH_21,PCH_4,PCH_28,PCH_18,PCH_29,PCH_16"
410,"PCH_20,PCH_34"
411,"PCH_28,PCH_20,PCH_3,PCH_35,PCH_14,PCH_5,PCH_7,PCH_25"
412,"PCH_18,PCH_1,PCH_9,PCH_14,PCH_33,PCH_21,PCH_20,PCH_7,PCH_11,PCH_28"
413,"PCH_27,PCH_26,PCH_3,PCH_24,PCH_34,PCH_4"
414,"PCH_7,PCH_29,PCH_1,PCH_16,PCH_5,PCH_12,PCH_22,PCH_33"
415,"PCH_16,PCH_17,PCH_29,PCH_21,PCH_9,PCH_35,PCH_26,PCH_24"
416,"PCH_13,PCH_18,PCH_7"
417,"PCH_6,PCH_11,PCH_23,PCH_25,PCH_24"
418,"PCH_7,PCH_24,PCH_12,PCH_33,PCH_18,PCH_29"
419,"PCH_10,PCH_15,PCH_12,PCH_6,PCH_26,PCH_8,PCH_31,PCH_3,PCH_21,PCH_2"
420,"PCH_6,PCH_33,PCH_15,PCH_5,PCH_16,PCH_19,PCH_3"
421,"PCH_30,PCH_34"
422,"PCH_33,PCH_3,PCH_22,PCH_18,PCH_31,PCH_25"
423,"PCH_30,PCH_4,PCH_16,PCH_1,PCH_22,PCH_8"
424,"PCH_31,PCH_21,PCH_29,PCH_17,PCH_14"
425,"PCH_3,PCH_17,PCH_1,PCH_16,PCH_15,PCH_9,PCH_8,PCH_4"
426,"PCH_13,PCH_17,PCH_26,PCH_14,PCH_34,PCH_28,PCH_2,PCH_3,PCH_29,PCH_10"
427,"PCH_2,PCH_31,PCH_28,PCH_14,PCH_10,PCH_26,PCH_32,PCH_16,PCH_27"
428,"PCH_32,PCH_26,PCH_19,PCH_2,PCH_24,PCH_15,PCH_13"
429,"PCH_19,PCH_8"
430,"PCH_9,PCH_11,PCH_29,PCH_23,PCH_4,PCH_30,PCH_10,PCH_3,PCH_31,PCH_12"
431,"PCH_31,PCH_35,PCH_25,PCH_28,PCH_10,PCH_8"
432,"PCH_22,PCH_13,PCH_18"
433,"PCH_12,PCH_17"
434,"PCH_24,PCH_27,PCH_13,PCH_33,PCH_35,PCH_30,PCH_3,PCH_18,PCH_22,PCH_16"
435,"PCH_11,PCH_2,PCH_26,PCH_29,PCH_23,PCH_17,PCH_9,PCH_32,PCH_7"
436,"PCH_13,PCH_28,PCH_27,PCH_31,PCH_7,PCH_10,PCH_5,PCH_17,PCH_6"
437,"PCH_9,PCH_31"
438,"PCH_15,PCH_22,PCH_9,PCH_14,PCH_29,PCH_35"
439,"PCH_6,PCH_29,PCH_31,PCH_16"
440,"PCH_12,PCH_29,PCH_1"
441,"PCH_14,PCH_9,PCH_1,PCH_32,PCH_29,PCH_27,PCH_30,PCH_16,PCH_21,PCH_7"
442,"PCH_18,PCH_24,PCH_7,PCH_30,PCH_10"
443,"PCH_8,PCH_7,PCH_16,PCH_11,PCH_6,PCH_31,PCH_1,PCH_30"
444,"PCH_33,PCH_6,PCH_7"
445,"PCH_15,PCH_19,PCH_26,PCH_28,PCH_34,PCH_23,PCH_24,PCH_29"
446,"PCH_23,PCH_14"
447,"PCH_33,PCH_31,PCH_28,PCH_10,PCH_12"
448,"PCH_19,PCH_11,PCH_25,PCH_32,PCH_6,PCH_2,PCH_9,PCH_35"
449,"PCH_23,PCH_29,PCH_6,PCH_19"
450,"PCH_23,PCH_17,PCH_33,PCH_34,PCH_24,PCH_2,PCH_10,PCH_32"
451,"PCH_27,PCH_31,PCH_2,PCH_5,PCH_19,PCH_23,PCH_11"
452,"PCH_32,PCH_11,PCH_31,PCH_14"
453,"PCH_15,PCH_13,PCH_31,PCH_16,PCH_14,PCH_28,PCH_25"
454,"PCH_29,PCH_32,PCH_4,PCH_11,PCH_23,PCH_3,PCH_28,PCH_1,PCH_15,PCH_35"
455,"PCH_13,PCH_7"
456,"PCH_18,PCH_22,PCH_28,PCH_10,PCH_19,PCH_1,PCH_35,PCH_9"
457,"PCH_35,PCH_20,PCH_34,PCH_28"
458,"PCH_21,PCH_17,PCH_26,PCH_33,PCH_19,PCH_8"
459,"PCH_21,PCH_2,PCH_31,PCH_23,PCH_25,PCH_26,PCH_4,PCH_28,PCH_35"
460,"PCH_15,PCH_18,PCH_3,PCH_19,PCH_17,PCH_1,PCH_2,PCH_8,PCH_14,PCH_24"
461,"PCH_32,PCH_7,PCH_19,PCH_10,PCH_18,PCH_15,PCH_14,PCH_22,PCH_11"
462,"PCH_18,PCH_24,PCH_4,PCH_16"
463,"PCH_16,PCH_5,PCH_25,PCH_20,PCH_33,PCH_2,PCH_17,PCH_18"
464,"PCH_3,PCH_32,PCH_13,PCH_31,PCH_6"
465,"PCH_1,PCH_17,PCH_32,PCH_2,PCH_6"
466,"PCH_5,PCH_23,PCH_18,PCH_3,PCH_35,PCH_34,PCH_1,PCH_19,PCH_27"
467,"PCH_28,PCH_8,PCH_32,PCH_17,PCH_5"
468,"PCH_32,PCH_25,PCH_14,PCH_30,PCH_11,PCH_2,PCH_33,PCH_12,PCH_24"
469,"PCH_11,PCH_33,PCH_4,PCH_20,PCH_16,PCH_8,PCH_10,PCH_26,PCH_5"
470,"PCH_17,PCH_29,PCH_32,PCH_15,PCH_31,PCH_2,PCH_27,PCH_21,PCH_10"
471,"PCH_34,PCH_10,PCH_8,PCH_31,PCH_22,PCH_26,PCH_7,PCH_25"
472,"PCH_20,PCH_19,PCH_1,PCH_7,PCH_13,PCH_35,PCH_21,PCH_15"
473,"PCH_15,PCH_24,PCH_30,PCH_4,PCH_18,PCH_14,PCH_10,PCH_20"
474,"PCH_33,PCH_19,PCH_30,PCH_32,PCH_3,PCH_2,PCH_21,PCH_16"
475,"PCH_20,PCH_16,PCH_2,PCH_9,PCH_33"
476,"PCH_13,PCH_6,PCH_1"
477,"PCH_2,PCH_31,PCH_11,PCH_14"
478,"PCH_23,PCH_19,PCH_9,PCH_3,PCH_7"
479,"PCH_6,PCH_34,PCH_13,PCH_28,PCH_22,PCH_1,PCH_30,PCH_29,PCH_19,PCH_24"
480,"PCH_34,PCH_24"
481,"PCH_31,PCH_10,PCH_29,PCH_26,PCH_21,PCH_14,PCH_3,PCH_7,PCH_32"
482,"PCH_30,PCH_8,PCH_29,PCH_31,PCH_18,PCH_1,PCH_23,PCH_26,PCH_17,PCH_21"
483,"PCH_15,PCH_17,PCH_24,PCH_26,PCH_23,PCH_25,PCH_14,PCH_3"
484,"PCH_1,PCH_10,PCH_23,PCH_9,PCH_28,PCH_17,PCH_18"
485,"PCH_29,PCH_2,PCH_11,PCH_12,PCH_6"
486,"PCH_5,PCH_10,PCH_21"
487,"PCH_32,PCH_23,PCH_10"
488,"PCH_13,PCH_28,PCH_31,PCH_4,PCH_33,PCH_29,PCH_25,PCH_27,PCH_34"
489,"PCH_29,PCH_10,PCH_11,PCH_31,PCH_33"
490,"PCH_16,PCH_11,PCH_18,PCH_21,PCH_24,PCH_15,PCH_4,PCH_17,PCH_29"
491,"PCH_15,PCH_8,PCH_12,PCH_35,PCH_17,PCH_10,PCH_31,PCH_18,PCH_21,PCH_6"
492,"PCH_9,PCH_13,PCH_8"
493,"PCH_5,PCH_3,PCH_6,PCH_1,PCH_12,PCH_19,PCH_35,PCH_25,PCH_4"
494,"PCH_22,PCH_26"
495,"PCH_4,PCH_16,PCH_28,PCH_22,PCH_2,PCH_3,PCH_34"
496,"PCH_3,PCH_5,PCH_14,PCH_19,PCH_32,PCH_8"
497,"PCH_8,PCH_30,PCH_1"
498,"PCH_15,PCH_34,PCH_29,PCH_30,PCH_18"
499,"PCH_11,PCH_16,PCH_17,PCH_35,PCH_10,PCH_25,PCH_13,PCH_9,PCH_27"
500,"PCH_23,PCH_20,PCH_27,PCH_22"
501,"PCH_4,PCH_33,PCH_30,PCH_28,PCH_21"
502,"PCH_1,PCH_18,PCH_5,PCH_7,PCH_35,PCH_14,PCH_20,PCH_34,PCH_28"
503,"PCH_9,PCH_23,PCH_17,PCH_27,PCH_13,PCH_26,PCH_1,PCH_7,PCH_22,PCH_20"
504,"PCH_21,PCH_11,PCH_9,PCH_20,PCH_18"
505,"PCH_18,PCH_11,PCH_28,PCH_31,PCH_17,PCH_5"
506,"PCH_18,PCH_6,PCH_21,PCH_24,PCH_9,PCH_17,PCH_32,PCH_28"
507,"PCH_14,PCH_8,PCH_20,PCH_26,PCH_13,PCH_21,PCH_12"
508,"PCH_4,PCH_8,PCH_16,PCH_5,PCH_26,PCH_34,PCH_17,PCH_35,PCH_11,PCH_7"
509,"PCH_5,PCH_28,PCH_21,PCH_4,PCH_12,PCH_25,PCH_26,PCH_16,PCH_27"
510,"PCH_22,PCH_26,PCH_21,PCH_5,PCH_24,PCH_32,PCH_2,PCH_25,PCH_13,PCH_10"
511,"PCH_23,PCH_31,PCH_4,PCH_18,PCH_13,PCH_32"
512,"PCH_23,PCH_35,PCH_1,PCH_28,PCH_14,PCH_7,PCH_15,PCH_13,PCH_26"
513,"PCH_23,PCH_21,PCH_24,PCH_16,PCH_32,PCH_2,PCH_1,PCH_19,PCH_7,PCH_25"
514,"PCH_28,PCH_27,PCH_11,PCH_12,PCH_15"
515,"PCH_7,PCH_8,PCH_3"
516,"PCH_22,PCH_29,PCH_13,PCH_27,PCH_8,PCH_34,PCH_4"
517,"PCH_30,PCH_15,PCH_5,PCH_18"
518,"PCH_22,PCH_6,PCH_26,PCH_32,PCH_17,PCH_21,PCH_24"
519,"PCH_14,PCH_24,PCH_21,PCH_3,PCH_32"
520,"PCH_10,PCH_1,PCH_7,PCH_15,PCH_29,PCH_17,PCH_30,PCH_13"
521,"PCH_7,PCH_30"
522,"PCH_25,PCH_22,PCH_5"
523,"PCH_19,PCH_13"
524,"PCH_17,PCH_31,PCH_8,PCH_13"
525,"PCH_32,PCH_34,PCH_4,PCH_27,PCH_12"
526,"PCH_15,PCH_16,PCH_11"
527,"PCH_27,PCH_32,PCH_16,PCH_20"
528,"PCH_30,PCH_5,PCH_11,PCH_34,PCH_31,PCH_7,PCH_25"
529,"PCH_1,PCH_17,PCH_16"
530,"PCH_30,PCH_29,PCH_2,PCH_32"
531,"PCH_19,PCH_2,PCH_34,PCH_16,PCH_7,PCH_30,PCH_13,PCH_25"
532,"PCH_18,PCH_10"
533,"PCH_14,PCH_33,PCH_23,PCH_30,PCH_21,PCH_3,PCH_6,PCH_31,PCH_12,PCH_11"
534,"PCH_28,PCH_9,PCH_23,PCH_11,PCH_35,PCH_31,PCH_22,PCH_26"
535,"PCH_5,PCH_2"
536,"PCH_10,PCH_31,PCH_29"
537,"PCH_35,PCH_19,PCH_22,PCH_17"
538,"PCH_1,PCH_18,PCH_14,PCH_21,PCH_11,PCH_9,PCH_8,PCH_29,PCH_20"
539,"PCH_32,PCH_11,PCH_8,PCH_4"
540,"PCH_22,PCH_31,PCH_20,PCH_18,PCH_3,PCH_34,PCH_21"
541,"PCH_15,PCH_17,PCH_19"
542,"PCH_1,PCH_11,PCH_27,PCH_4,PCH_2,PCH_22,PCH_25,PCH_8,PCH_32,PCH_15"
543,"PCH_4,PCH_1,PCH_32,PCH_3,PCH_24,PCH_22,PCH_19,PCH_26,PCH_20"
544,"PCH_9,PCH_5,PCH_1,PCH_14,PCH_26,PCH_8,PCH_28,PCH_29,PCH_32,PCH_25"
545,"PCH_34,PCH_16,PCH_8,PCH_5,PCH_1"
546,"PCH_13,PCH_14,PCH_12,PCH_15,PCH_27,PCH_10"
547,"PCH_17,PCH_7,PCH_30,PCH_4,PCH_35,PCH_25,PCH_33,PCH_27,PCH_28"
548,"PCH_23,PCH_33,PCH_9,PCH_3,PCH_11,PCH_1,PCH_16,PCH_15,PCH_31"
549,"PCH_26,PCH_21,PCH_8,PCH_13,PCH_33"
550,"PCH_30,PCH_6,PCH_33,PCH_21"
551,"PCH_7,PCH_11,PCH_32,PCH_16,PCH_14,PCH_31"
552,"PCH_30,PCH_32,PCH_29,PCH_15,PCH_28,PCH_17,PCH_3,PCH_31,PCH_24"
553,"PCH_24,PCH_29,PCH_12,PCH_10,PCH_19,PCH_26,PCH_5,PCH_27,PCH_3,PCH_23"
554,"PCH_20,PCH_26"
555,"PCH_34,PCH_12"
556,"PCH_30,PCH_26,PCH_11,PCH_32,PCH_18,PCH_35"
557,"PCH_12,PCH_4,PCH_23,PCH_13,PCH_8,PCH_18,PCH_29,PCH_16"
558,"PCH_34,PCH_3,PCH_4,PCH_24,PCH_7,PCH_30,PCH_33,PCH_11,PCH_28"
559,"PCH_33,PCH_17"
560,"PCH_11,PCH_35,PCH_24,PCH_7,PCH_10,PCH_20,PCH_2,PCH_9"
561,"PCH_10,PCH_7,PCH_32,PCH_12"
562,"PCH_31,PCH_19,PCH_2,PCH_35,PCH_22,PCH_14,PCH_28,PCH_9,PCH_32,PCH_7"
563,"PCH_1,PCH_17,PCH_26"
564,"PCH_26,PCH_28,PCH_11"
565,"PCH_21,PCH_25,PCH_23,PCH_20,PCH_12,PCH_17"
566,"PCH_4,PCH_16,PCH_25,PCH_7,PCH_18,PCH_11"
567,"PCH_16,PCH_3,PCH_18,PCH_2,PCH_21,PCH_25,PCH_15,PCH_12,PCH_14"
568,"PCH_8,PCH_9,PCH_15,PCH_25,PCH_11,PCH_10,PCH_13,PCH_5"
569,"PCH_14,PCH_10,PCH_12,PCH_9,PCH_28,PCH_33,PCH_2,PCH_25"
570,"PCH_35,PCH_19,PCH_11,PCH_1,PCH_26,PCH_32,PCH_16,PCH_9,PCH_23"
571,"PCH_6,PCH_5,PCH_24,PCH_29"
572,"PCH_16,PCH_25,PCH_34,PCH_10,PCH_18,PCH_15,PCH_20,PCH_12"
573,"PCH_11,PCH_16,PCH_5,PCH_21,PCH_35,PCH_10,PCH_29"
574,"PCH_18,PCH_15,PCH_22,PCH_16,PCH_11,PCH_1,PCH_33,PCH_7,PCH_23"
575,"PCH_3,PCH_34,PCH_12,PCH_33,PCH_9"
576,"PCH_29,PCH_25,PCH_31,PCH_10,PCH_2,PCH_21"
577,"PCH_32,PCH_17,PCH_1,PCH_11"
578,"PCH_24,PCH_18,PCH_30,PCH_28,PCH_33,PCH_26,PCH_5"
579,"PCH_27,PCH_1,PCH_35,PCH_10,PCH_8,PCH_12,PCH_26,PCH_22,PCH_34"
580,"PCH_6,PCH_9,PCH_15,PCH_23,PCH_18,PCH_24"
581,"PCH_12,PCH_31,PCH_30,PCH_10,PCH_11,PCH_5"
582,"PCH_27,PCH_20,PCH_29,PCH_33,PCH_28,PCH_5,PCH_34,PCH_25,PCH_3,PCH_4"
583,"PCH_26,PCH_31,PCH_12,PCH_13"
584,"PCH_24,PCH_6,PCH_2"
585,"PCH_10,PCH_2,PCH_20,PCH_14,PCH_29,PCH_7,PCH_4"
586,"PCH_22,PCH_26,PCH_6"
587,"PCH_5,PCH_32,PCH_27,PCH_16,PCH_6"
588,"PCH_19,PCH_27,PCH_1,PCH_34,PCH_28,PCH_21,PCH_33,PCH_30,PCH_20,PCH_6"
589,"PCH_35,PCH_26,PCH_29,PCH_20,PCH_4,PCH_18,PCH_23,PCH_3,PCH_17"
590,"PCH_35,PCH_24,PCH_3,PCH_17"
591,"PCH_35,PCH_34,PCH_21,PCH_17,PCH_1,PCH_27,PCH_32,PCH_13"
592,"PCH_35,PCH_25,PCH_3"
593,"PCH_28,PCH_23,PCH_32,PCH_6,PCH_16"
594,"PCH_3,PCH_21,PCH_26,PCH_24,PCH_9,PCH_35,PCH_23,PCH_11,PCH_17,PCH_19"
595,"PCH_16,PCH_20,PCH_32"
596,"PCH_12,PCH_11,PCH_13,PCH_7,PCH_22"
597,"PCH_29,PCH_8"
598,"PCH_18,PCH_24"
599,"PCH_4,PCH_3,PCH_15,PCH_29,PCH_8,PCH_35,PCH_16,PCH_30,PCH_27"
600,"PCH_27,PCH_10,PCH_21,PCH_1"
601,"PCH_22,PCH_29,PCH_13,PCH_1,PCH_28,PCH_20,PCH_21,PCH_32,PCH_14"
602,"PCH_18,PCH_16,PCH_31"
603,"PCH_13,PCH_34,PCH_20,PCH_14,PCH_30,PCH_16"
604,"PCH_19,PCH_31"
605,"PCH_9,PCH_22,PCH_30,PCH_11,PCH_15,PCH_34,PCH_7,PCH_17"
606,"PCH_28,PCH_2,PCH_32"
607,"PCH_20,PCH_14,PCH_31,PCH_22"
608,"PCH_5,PCH_33"
609,"PCH_8,PCH_1,PCH_18"
610,"PCH_15,PCH_30,PCH_5,PCH_17,PCH_21,PCH_3,PCH_18,PCH_20,PCH_4"
611,"PCH_21,PCH_13,PCH_22,PCH_20"
612,"PCH_30,PCH_22,PCH_14"
613,"PCH_33,PCH_31,PCH_15"
614,"PCH_11,PCH_13,PCH_16,PCH_20,PCH_28,PCH_29,PCH_7,PCH_8,PCH_33"
615,"PCH_16,PCH_3,PCH_4,PCH_23,PCH_15"
616,"PCH_7,PCH_25,PCH_1"
617,"PCH_15,PCH_33"
618,"PCH_27,PCH_35,PCH_18,PCH_29,PCH_3,PCH_25"
619,"PCH_14,PCH_13,PCH_35"
620,"PCH_9,PCH_22,PCH_19,PCH_11,PCH_10,PCH_17,PCH_31,PCH_21,PCH_4,PCH_28"
621,"PCH_1,PCH_3,PCH_22,PCH_30,PCH_26,PCH_23,PCH_15,PCH_5,PCH_28,PCH_7"
622,"PCH_29,PCH_9,PCH_31"
623,"PCH_9,PCH_30,PCH_22,PCH_15,PCH_2,PCH_1,PCH_14,PCH_26,PCH_10"
624,"PCH_8,PCH_27,PCH_2,PCH_16,PCH_28"
625,"PCH_8,PCH_30,PCH_18,PCH_29,PCH_5,PCH_22"
626,"PCH_3,PCH_27,PCH_30,PCH_16,PCH_32"
627,"PCH_20,PCH_13,PCH_10,PCH_32,PCH_5,PCH_11,PCH_21,PCH_4,PCH_3,PCH_19"
628,"PCH_3,PCH_29,PCH_27,PCH_14"
629,"PCH_33,PCH_8,PCH_19,PCH_20"
630,"PCH_4,PCH_30,PCH_28,PCH_24,PCH_25,PCH_21,PCH_29,PCH_12,PCH_3,PCH_34"
631,"PCH_29,PCH_6,PCH_13,PCH_10,PCH_34,PCH_14,PCH_25"
632,"PCH_1,PCH_5,PCH_29"
633,"PCH_3,PCH_6,PCH_22,PCH_33,PCH_7,PCH_19,PCH_30"
634,"PCH_28,PCH_19,PCH_11,PCH_26,PCH_16,PCH_33,PCH_9"
635,"PCH_5,PCH_11,PCH_13,PCH_14,PCH_4,PCH_29,PCH_3,PCH_24"
636,"PCH_29,PCH_32,PCH_10,PCH_27,PCH_24"
637,"PCH_11,PCH_30,PCH_31"
638,"PCH_17,PCH_26,PCH_13,PCH_29,PCH_27,PCH_20,PCH_8,PCH_5,PCH_15,PCH_2"
639,"PCH_7,PCH_19,PCH_28,PCH_12,PCH_21,PCH_32,PCH_27,PCH_3,PCH_33"
640,"PCH_8,PCH_29,PCH_33,PCH_10,PCH_5,PCH_27,PCH_30,PCH_19,PCH_24,PCH_20"
641,"PCH_9,PCH_31,PCH_16,PCH_23,PCH_22,PCH_3,PCH_29,PCH_5,PCH_4"
642,"PCH_23,PCH_15,PCH_13,PCH_30"
643,"PCH_7,PCH_5,PCH_30,PCH_14,PCH_26,PCH_4,PCH_1"
644,"PCH_16,PCH_15,PCH_24,PCH_4,PCH_1,PCH_26"
645,"PCH_31,PCH_12,PCH_35"
646,"PCH_30,PCH_18,PCH_34,PCH_6,PCH_14,PCH_29,PCH_35,PCH_32"
647,"PCH_17,PCH_3,PCH_34,PCH_30,PCH_12,PCH_5,PCH_35,PCH_25,PCH_4,PCH_15"
648,"PCH_14,PCH_18"
649,"PCH_7,PCH_30,PCH_26,PCH_35,PCH_29"
650,"PCH_7,PCH_18,PCH_5,PCH_11,PCH_16,PCH_15,PCH_14,PCH_20"
651,"PCH_6,PCH_27,PCH_1,PCH_7,PCH_12,PCH_13,PCH_14,PCH_17,PCH_5"
652,"PCH_15,PCH_5,PCH_23,PCH_3,PCH_2,PCH_26,PCH_14,PCH_6,PCH_20,PCH_12"
653,"PCH_17,PCH_24,PCH_21,PCH_32,PCH_5"
654,"PCH_13,PCH_18,PCH_30,PCH_22"
655,"PCH_27,PCH_3,PCH_11,PCH_25,PCH_20,PCH_34,PCH_28,PCH_26,PCH_22"
656,"PCH_35,PCH_18,PCH_14,PCH_1"
657,"PCH_25,PCH_28,PCH_22,PCH_33,PCH_6,PCH_4,PCH_34,PCH_20,PCH_21,PCH_12"
658,"PCH_13,PCH_10,PCH_1"
659,"PCH_25,PCH_28,PCH_10"
660,"PCH_31,PCH_32,PCH_28,PCH_25,PCH_5,PCH_4,PCH_2,PCH_10,PCH_17"
661,"PCH_7,PCH_16"
662,"PCH_4,PCH_23,PCH_29,PCH_1,PCH_5"
663,"PCH_30,PCH_18,PCH_27,PCH_26,PCH_14,PCH_35,PCH_16"
664,"PCH_8,PCH_5,PCH_7,PCH_2,PCH_25,PCH_3,PCH_20,PCH_17,PCH_9"
665,"PCH_4,PCH_27,PCH_28,PCH_29,PCH_16,PCH_24,PCH_12,PCH_19,PCH_8"
666,"PCH_9,PCH_13,PCH_25,PCH_30,PCH_32,PCH_27,PCH_23"
667,"PCH_34,PCH_28,PCH_22,PCH_10,PCH_16,PCH_5,PCH_4,PCH_19"
668,"PCH_32,PCH_11,PCH_24"
669,"PCH_35,PCH_11,PCH_29,PCH_2,PCH_1"
670,"PCH_16,PCH_3,PCH_20"
671,"PCH_21,PCH_34,PCH_30,PCH_19,PCH_27,PCH_15,PCH_22,PCH_12,PCH_31"
672,"PCH_10,PCH_2,PCH_35,PCH_13,PCH_25,PCH_8,PCH_34,PCH_1,PCH_28,PCH_23"
673,"PCH_28,PCH_3,PCH_33,PCH_1,PCH_30,PCH_32,PCH_9,PCH_2"
674,"PCH_15,PCH_18,PCH_33,PCH_11,PCH_26,PCH_19,PCH_3,PCH_24"
675,"PCH_20,PCH_2,PCH_19,PCH_7,PCH_18,PCH_12,PCH_17"
676,"PCH_8,PCH_19,PCH_25,PCH_11,PCH_27,PCH_4,PCH_31"
677,"PCH_15,PCH_35,PCH_24,PCH_21,PCH_3,PCH_17,PCH_32"
678,"PCH_21,PCH_4,PCH_33,PCH_1,PCH_9,PCH_28,PCH_32,PCH_6"
679,"PCH_1,PCH_35,PCH_3,PCH_34,PCH_20"
680,"PCH_19,PCH_15,PCH_13,PCH_33,PCH_11,PCH_21"
681,"PCH_20,PCH_23"
682,"PCH_13,PCH_30,PCH_25,PCH_8,PCH_9,PCH_20,PCH_31"
683,"PCH_16,PCH_11,PCH_31,PCH_24,PCH_15,PCH_10,PCH_1,PCH_17,PCH_35,PCH_27"
684,"PCH_6,PCH_28,PCH_14,PCH_30,PCH_26,PCH_3,PCH_7,PCH_4,PCH_24,PCH_25"
685,"PCH_14,PCH_32,PCH_19,PCH_6,PCH_30,PCH_15,PCH_8,PCH_27,PCH_1,PCH_13"
686,"PCH_12,PCH_17,PCH_21,PCH_2,PCH_28,PCH_30,PCH_18"
687,"PCH_13,PCH_2,PCH_8,PCH_24"
688,"PCH_25,PCH_18,PCH_21,PCH_33,PCH_23,PCH_14,PCH_9,PCH_32"
689,"PCH_15,PCH_34,PCH_10,PCH_1,PCH_6,PCH_12"
690,"PCH_7,PCH_27,PCH_5,PCH_2"
691,"PCH_26,PCH_1,PCH_24"
692,"PCH_19,PCH_15,PCH_17,PCH_5,PCH_6,PCH_30,PCH_9"
693,"PCH_28,PCH_5,PCH_8,PCH_4,PCH_18,PCH_1,PCH_31,PCH_17,PCH_21,PCH_9"
694,"PCH_1,PCH_11,PCH_7,PCH_20,PCH_30,PCH_2"
695,"PCH_12,PCH_11,PCH_21,PCH_31"
696,"PCH_19,PCH_23"
697,"PCH_5,PCH_10,PCH_33,PCH_31,PCH_11,PCH_32,PCH_26,PCH_34,PCH_30,PCH_19"
698,"PCH_29,PCH_14,PCH_23,PCH_4,PCH_8,PCH_1,PCH_30,PCH_28,PCH_24"
699,"PCH_35,PCH_11,PCH_3,PCH_10,PCH_30,PCH_8,PCH_31,PCH_5"
700,"PCH_10,PCH_1,PCH_22,PCH_5"
701,"PCH_35,PCH_21,PCH_23,PCH_24,PCH_25"
702,"PCH_31,PCH_12,PCH_22,PCH_24,PCH_32,PCH_8,PCH_16,PCH_6"
703,"PCH_2,PCH_18,PCH_32,PCH_22,PCH_10,PCH_9,PCH_12,PCH_26"
704,"PCH_8,PCH_6,PCH_28,PCH_25,PCH_15,PCH_24,PCH_19,PCH_30"
705,"PCH_35,PCH_14,PCH_25,PCH_19,PCH_32,PCH_12"
706,"PCH_21,PCH_34,PCH_16,PCH_3,PCH_7,PCH_10,PCH_18,PCH_1,PCH_30"
707,"PCH_9,PCH_6,PCH_23,PCH_8,PCH_34,PCH_25,PCH_32,PCH_17,PCH_18,PCH_29"
708,"PCH_21,PCH_30,PCH_4,PCH_3,PCH_32,PCH_31,PCH_7,PCH_27,PCH_18"
709,"PCH_1,PCH_22,PCH_3,PCH_12"
710,"PCH_20,PCH_25,PCH_11"
711,"PCH_14,PCH_12,PCH_4,PCH_33"
712,"PCH_5,PCH_4,PCH_10,PCH_15,PCH_3,PCH_23,PCH_35"
713,"PCH_15,PCH_10,PCH_11"
714,"PCH_16,PCH_7,PCH_2,PCH_24,PCH_13"
715,"PCH_2,PCH_30,PCH_32,PCH_35"
716,"PCH_29,PCH_15"
717,"PCH_9,PCH_19,PCH_6,PCH_24"
718,"PCH_24,PCH_4,PCH_6,PCH_25,PCH_26,PCH_33,PCH_21,PCH_27"
719,"PCH_14,PCH_7,PCH_26,PCH_2,PCH_35"
720,"PCH_2,PCH_26,PCH_34,PCH_22,PCH_7,PCH_11,PCH_29"
721,"PCH_22,PCH_13,PCH_6,PCH_12,PCH_19,PCH_20,PCH_3,PCH_34,PCH_33,PCH_11"
722,"PCH_25,PCH_4,PCH_8,PCH_21,PCH_31,PCH_33,PCH_32,PCH_23"
723,"PCH_29,PCH_5,PCH_27,PCH_34,PCH_2,PCH_13"
724,"PCH_7,PCH_18,PCH_19,PCH_32,PCH_4,PCH_10"
725,"PCH_33,PCH_9,PCH_1,PCH_27,PCH_11,PCH_28,PCH_3,PCH_12,PCH_25,PCH_2"
726,"PCH_13,PCH_3,PCH_23,PCH_16,PCH_11"
727,"PCH_21,PCH_23,PCH_29,PCH_33,PCH_15,PCH_17,PCH_12,PCH_22,PCH_16,PCH_24"
728,"PCH_10,PCH_22,PCH_12,PCH_16,PCH_25,PCH_24,PCH_18,PCH_29,PCH_6"
729,"PCH_34,PCH_21,PCH_22,PCH_26,PCH_28,PCH_23,PCH_29"
730,"PCH_5,PCH_27"
731,"PCH_21,PCH_29,PCH_11,PCH_31,PCH_27,PCH_22,PCH_34,PCH_32"
732,"PCH_24,PCH_29,PCH_5,PCH_35,PCH_16"
733,"PCH_31,PCH_22,PCH_2,PCH_1,PCH_30,PCH_4,PCH_21,PCH_7,PCH_29,PCH_16"
734,"PCH_13,PCH_5,PCH_12,PCH_26,PCH_16,PCH_35,PCH_34,PCH_4,PCH_28"
735,"PCH_17,PCH_35,PCH_21,PCH_8,PCH_13,PCH_22,PCH_11,PCH_15"
736,"PCH_17,PCH_31,PCH_6,PCH_18,PCH_19,PCH_13"
737,"PCH_35,PCH_19,PCH_17"
738,"PCH_16,PCH_33,PCH_15"
739,"PCH_13,PCH_7,PCH_28,PCH_5,PCH_18"
740,"PCH_24,PCH_19,PCH_8,PCH_5"
741,"PCH_14,PCH_2,PCH_28,PCH_26,PCH_30"
742,"PCH_28,PCH_9,PCH_10,PCH_34,PCH_17,PCH_19,PCH_15,PCH_31,PCH_12,PCH_33"
743,"PCH_17,PCH_31,PCH_9,PCH_2,PCH_30"
744,"PCH_11,PCH_33"
745,"PCH_33,PCH_29,PCH_8,PCH_14"
746,"PCH_19,PCH_7"
747,"PCH_13,PCH_26,PCH_18,PCH_33,PCH_34"
748,"PCH_22,PCH_5,PCH_18,PCH_27,PCH_10,PCH_25,PCH_17"
749,"PCH_4,PCH_20,PCH_8,PCH_27,PCH_31,PCH_22,PCH_9,PCH_33"
750,"PCH_15,PCH_6,PCH_25,PCH_29,PCH_21,PCH_34,PCH_19,PCH_16,PCH_33"
751,"PCH_35,PCH_4,PCH_23,PCH_6"
752,"PCH_29,PCH_16,PCH_27,PCH_6,PCH_30,PCH_9,PCH_34,PCH_17"
753,"PCH_30,PCH_2,PCH_14"
754,"PCH_27,PCH_33,PCH_31,PCH_25,PCH_15,PCH_9,PCH_26"
755,"PCH_2,PCH_28,PCH_25,PCH_18,PCH_10,PCH_17,PCH_1,PCH_8,PCH_29"
756,"PCH_14,PCH_22,PCH_18,PCH_35,PCH_10,PCH_3"
757,"PCH_2,PCH_26,PCH_11,PCH_8"
758,"PCH_32,PCH_20,PCH_19,PCH_25,PCH_4"
759,"PCH_22,PCH_9,PCH_31,PCH_5,PCH_33,PCH_3"
760,"PCH_12,PCH_28,PCH_27,PCH_14,PCH_29,PCH_15"
761,"PCH_23,PCH_17,PCH_32,PCH_3,PCH_26,PCH_16,PCH_6,PCH_30"
762,"PCH_7,PCH_28,PCH_30,PCH_34,PCH_15,PCH_17,PCH_4,PCH_18,PCH_3"
763,"PCH_24,PCH_20,PCH_31,PCH_10,PCH_4,PCH_7,PCH_27,PCH_19,PCH_22,PCH_18"
764,"PCH_33,PCH_6,PCH_31,PCH_19,PCH_35,PCH_27,PCH_29,PCH_12,PCH_30"
765,"PCH_34,PCH_21,PCH_15,PCH_25,PCH_13,PCH_24,PCH_33,PCH_3,PCH_2"
766,"PCH_18,PCH_12,PCH_35,PCH_15,PCH_8,PCH_27"
767,"PCH_28,PCH_21,PCH_24,PCH_29,PCH_22"
768,"PCH_3,PCH_29,PCH_18,PCH_31,PCH_35,PCH_11,PCH_13,PCH_6"
769,"PCH_16,PCH_24,PCH_21"
770,"PCH_8,PCH_15,PCH_34,PCH_20,PCH_14,PCH_6,PCH_4,PCH_31"
771,"PCH_27,PCH_30,PCH_32,PCH_15,PCH_10"
772,"PCH_14,PCH_8,PCH_17,PCH_35,PCH_22,PCH_11,PCH_1,PCH_23,PCH_27"
773,"PCH_28,PCH_18,PCH_16,PCH_34"
774,"PCH_19,PCH_12"
775,"PCH_23,PCH_34,PCH_13,PCH_3,PCH_6"
776,"PCH_17,PCH_23,PCH_25,PCH_22,PCH_15,PCH_6,PCH_9,PCH_11,PCH_13,PCH_4"
777,"PCH_9,PCH_6,PCH_13,PCH_23"
778,"PCH_8,PCH_11,PCH_12,PCH_27,PCH_14,PCH_32,PCH_5,PCH_20"
779,"PCH_17,PCH_6"
780,"PCH_14,PCH_10,PCH_13,PCH_12,PCH_19,PCH_9,PCH_29"
781,"PCH_7,PCH_2,PCH_15,PCH_12,PCH_4,PCH_19"
782,"PCH_9,PCH_21,PCH_26,PCH_17"
783,"PCH_19,PCH_22,PCH_5,PCH_27"
784,"PCH_18,PCH_25"
785,"PCH_34,PCH_6,PCH_28,PCH_3,PCH_5,PCH_32"
786,"PCH_2,PCH_30,PCH_23,PCH_31,PCH_32,PCH_4,PCH_14,PCH_19,PCH_22"
787,"PCH_11,PCH_19,PCH_4,PCH_27,PCH_15,PCH_7"
788,"PCH_21,PCH_17,PCH_1,PCH_30,PCH_20,PCH_4,PCH_11"
789,"PCH_31,PCH_18,PCH_21,PCH_4"
790,"PCH_5,PCH_27,PCH_34,PCH_16,PCH_7,PCH_28"
791,"PCH_26,PCH_5,PCH_14,PCH_19,PCH_29,PCH_4,PCH_23,PCH_18,PCH_9,PCH_1"
792,"PCH_26,PCH_5"
793,"PCH_5,PCH_19,PCH_18,PCH_29"
794,"PCH_18,PCH_33,PCH_15,PCH_6,PCH_24,PCH_28,PCH_30,PCH_22,PCH_26"
795,"PCH_15,PCH_3,PCH_20,PCH_31,PCH_21,PCH_19"
796,"PCH_31,PCH_35,PCH_25,PCH_34,PCH_29,PCH_23,PCH_6"
797,"PCH_29,PCH_11,PCH_19,PCH_8"
798,"PCH_19,PCH_5,PCH_1"
799,"PCH_14,PCH_21,PCH_2,PCH_25,PCH_18,PCH_30,PCH_31"
800,"PCH_18,PCH_22,PCH_14"
801,"PCH_7,PCH_30,PCH_24,PCH_19"
802,"PCH_6,PCH_27,PCH_17,PCH_23,PCH_21"
803,"PCH_3,PCH_32,PCH_14,PCH_33,PCH_30,PCH_6,PCH_1,PCH_24,PCH_20,PCH_16"
804,"PCH_22,PCH_8,PCH_18,PCH_1,PCH_6,PCH_11,PCH_23,PCH_33"
805,"PCH_32,PCH_12"
806,"PCH_32,PCH_7,PCH_22,PCH_5,PCH_9,PCH_3,PCH_17,PCH_14,PCH_20,PCH_34"
807,"PCH_30,PCH_22,PCH_19"
808,"PCH_5,PCH_21,PCH_14,PCH_10,PCH_13,PCH_32,PCH_6,PCH_28,PCH_4"
809,"PCH_17,PCH_6,PCH_10,PCH_13,PCH_29,PCH_15,PCH_8"
810,"PCH_34,PCH_5,PCH_6"
811,"PCH_29,PCH_6,PCH_31,PCH_26,PCH_13,PCH_7,PCH_27,PCH_2,PCH_10,PCH_9"
812,"PCH_9,PCH_35,PCH_28,PCH_10,PCH_3,PCH_33,PCH_16,PCH_19"
813,"PCH_11,PCH_32,PCH_31,PCH_28,PCH_10"
814,"PCH_26,PCH_23,PCH_9,PCH_6,PCH_30,PCH_12,PCH_11,PCH_21,PCH_15"
815,"PCH_20,PCH_10,PCH_22,PCH_5"
816,"PCH_33,PCH_12,PCH_8,PCH_17,PCH_6,PCH_28"
817,"PCH_35,PCH_8,PCH_24,PCH_3,PCH_2,PCH_13,PCH_12"
818,"PCH_4,PCH_29,PCH_18,PCH_15,PCH_17"
819,"PCH_8,PCH_29,PCH_28,PCH_16,PCH_11"
820,"PCH_1,PCH_9,PCH_15,PCH_4,PCH_8,PCH_35,PCH_31,PCH_7,PCH_3"
821,"PCH_26,PCH_19,PCH_23"
822,"PCH_19,PCH_9,PCH_5"
823,"PCH_8,PCH_25"
824,"PCH_31,PCH_15,PCH_6"
825,"PCH_2,PCH_11,PCH_24,PCH_14,PCH_31,PCH_25,PCH_34"
826,"PCH_11,PCH_21"
827,"PCH_14,PCH_5,PCH_27,PCH_19,PCH_21,PCH_15,PCH_18,PCH_29,PCH_17"
828,"PCH_19,PCH_35,PCH_9,PCH_22"
829,"PCH_32,PCH_33,PCH_7,PCH_10,PCH_23,PCH_25,PCH_29,PCH_35,PCH_17,PCH_28"
830,"PCH_4,PCH_27,PCH_24,PCH_2,PCH_26,PCH_23,PCH_33,PCH_5"
831,"PCH_6,PCH_12,PCH_25,PCH_31,PCH_24,PCH_22,PCH_7,PCH_18,PCH_3,PCH_33"
832,"PCH_32,PCH_11,PCH_6,PCH_24,PCH_26,PCH_33,PCH_28,PCH_5"
833,"PCH_28,PCH_22,PCH_16,PCH_5,PCH_23,PCH_20,PCH_26,PCH_27,PCH_10"
834,"PCH_14,PCH_9"
835,"PCH_11,PCH_13,PCH_6"
836,"PCH_9,PCH_14,PCH_11,PCH_24,PCH_5"
837,"PCH_33,PCH_18,PCH_23,PCH_20,PCH_3,PCH_24,PCH_25"
838,"PCH_2,PCH_11,PCH_35,PCH_4"
839,"PCH_25,PCH_6,PCH_28,PCH_34,PCH_2,PCH_5,PCH_16,PCH_1,PCH_35,PCH_22"
840,"PCH_16,PCH_31,PCH_32,PCH_1,PCH_33,PCH_4,PCH_5,PCH_24,PCH_22"
841,"PCH_21,PCH_17,PCH_16,PCH_14,PCH_6,PCH_32,PCH_5,PCH_7,PCH_23"
842,"PCH_24,PCH_15,PCH_9,PCH_17,PCH_25,PCH_10,PCH_32,PCH_18,PCH_33"
843,"PCH_16,PCH_4,PCH_30,PCH_25,PCH_27,PCH_21"
844,"PCH_31,PCH_14,PCH_22,PCH_17,PCH_7"
845,"PCH_28,PCH_7,PCH_12,PCH_20,PCH_15"
846,"PCH_17,PCH_9,PCH_1"
847,"PCH_28,PCH_30,PCH_29,PCH_5,PCH_27,PCH_7,PCH_23,PCH_9,PCH_19"
848,"PCH_16,PCH_28,PCH_6,PCH_9,PCH_15"
849,"PCH_26,PCH_25,PCH_5,PCH_24,PCH_21,PCH_4,PCH_14,PCH_7,PCH_35"
850,"PCH_5,PCH_15"
851,"PCH_18,PCH_20,PCH_22"
852,"PCH_3,PCH_25,PCH_15,PCH_22,PCH_14,PCH_30"
853,"PCH_28,PCH_12,PCH_23,PCH_2,PCH_25"
854,"PCH_5,PCH_29,PCH_11"
855,"PCH_4,PCH_34"
856,"PCH_29,PCH_14,PCH_3,PCH_13,PCH_2,PCH_27,PCH_31"
857,"PCH_19,PCH_17,PCH_18,PCH_5,PCH_27,PCH_10,PCH_6,PCH_4,PCH_25,PCH_32"
858,"PCH_32,PCH_8,PCH_26"
859,"PCH_35,PCH_31,PCH_6,PCH_21,PCH_14,PCH_33,PCH_10,PCH_30,PCH_19"
860,"PCH_5,PCH_34,PCH_29,PCH_13,PCH_1,PCH_2,PCH_16,PCH_3,PCH_17,PCH_6"
861,"PCH_9,PCH_35,PCH_24,PCH_17,PCH_20,PCH_21,PCH_12"
862,"PCH_1,PCH_25,PCH_13"
863,"PCH_29,PCH_31,PCH_13,PCH_5,PCH_27,PCH_32,PCH_2,PCH_18"
864,"PCH_3,PCH_4,PCH_13,PCH_6,PCH_19,PCH_14,PCH_15,PCH_16,PCH_11,PCH_33"
865,"PCH_17,PCH_29"
866,"PCH_2,PCH_20,PCH_11,PCH_25,PCH_17,PCH_12"
867,"PCH_34,PCH_10,PCH_13,PCH_27"
868,"PCH_1,PCH_15,PCH_33,PCH_18,PCH_11,PCH_14,PCH_3"
869,"PCH_10,PCH_30,PCH_13,PCH_15,PCH_33,PCH_3,PCH_27,PCH_35,PCH_14,PCH_5"
870,"PCH_4,PCH_1,PCH_11,PCH_19,PCH_35,PCH_23,PCH_26,PCH_33,PCH_22"
871,"PCH_21,PCH_20,PCH_24,PCH_34"
872,"PCH_7,PCH_3,PCH_20,PCH_23,PCH_29"
873,"PCH_33,PCH_2,PCH_23,PCH_35,PCH_3"
874,"PCH_30,PCH_19,PCH_33,PCH_20,PCH_24,PCH_16,PCH_11,PCH_14"
875,"PCH_32,PCH_25,PCH_21,PCH_29,PCH_7"
876,"PCH_13,PCH_29"
877,"PCH_5,PCH_15,PCH_13,PCH_18,PCH_21,PCH_27,PCH_22,PCH_12"
878,"PCH_16,PCH_23,PCH_35,PCH_11,PCH_12,PCH_26,PCH_6"
879,"PCH_5,PCH_34,PCH_10,PCH_35,PCH_14"
880,"PCH_27,PCH_13,PCH_1,PCH_7,PCH_30,PCH_11,PCH_32,PCH_4,PCH_15,PCH_8"
881,"PCH_19,PCH_28,PCH_26,PCH_23,PCH_15,PCH_34,PCH_13,PCH_32"
882,"PCH_5,PCH_18"
883,"PCH_34,PCH_2,PCH_27,PCH_28"
884,"PCH_15,PCH_18,PCH_5,PCH_8,PCH_29"
885,"PCH_16,PCH_11,PCH_8,PCH_22,PCH_3,PCH_27,PCH_30"
886,"PCH_25,PCH_27,PCH_18,PCH_29,PCH_15,PCH_24,PCH_12,PCH_33"
887,"PCH_27,PCH_25,PCH_11,PCH_31"
888,"PCH_12,PCH_20"
889,"PCH_18,PCH_6,PCH_22,PCH_1,PCH_5,PCH_3"
890,"PCH_15,PCH_12,PCH_4,PCH_35,PCH_17,PCH_19,PCH_20,PCH_31,PCH_23"
891,"PCH_34,PCH_32,PCH_4,PCH_20,PCH_14,PCH_28,PCH_18"
892,"PCH_22,PCH_10,PCH_1,PCH_21,PCH_8,PCH_20"
893,"PCH_7,PCH_33,PCH_20,PCH_5,PCH_35,PCH_19,PCH_12"
894,"PCH_15,PCH_9,PCH_20,PCH_29,PCH_18,PCH_10,PCH_26,PCH_17"
895,"PCH_17,PCH_4,PCH_9,PCH_8,PCH_3,PCH_25"
896,"PCH_32,PCH_23,PCH_7,PCH_15,PCH_17,PCH_2,PCH_1,PCH_22"
897,"PCH_5,PCH_29,PCH_32"
898,"PCH_20,PCH_16,PCH_25,PCH_6,PCH_22,PCH_11,PCH_13,PCH_15"
899,"PCH_5,PCH_26,PCH_4,PCH_7,PCH_19,PCH_2,PCH_9,PCH_27"
900,"PCH_35,PCH_26,PCH_11,PCH_28,PCH_7,PCH_25,PCH_10,PCH_4,PCH_20,PCH_6"
901,"PCH_2,PCH_1,PCH_7,PCH_27"
902,"PCH_6,PCH_18,PCH_5,PCH_33,PCH_31,PCH_22,PCH_4"
903,"PCH_6,PCH_13,PCH_1,PCH_11,PCH_18,PCH_28,PCH_27,PCH_10,PCH_30"
904,"PCH_16,PCH_4,PCH_10,PCH_8,PCH_14"
905,"PCH_22,PCH_6,PCH_21,PCH_4,PCH_35,PCH_24,PCH_2,PCH_12"
906,"PCH_19,PCH_18,PCH_15,PCH_13,PCH_9,PCH_35"
907,"PCH_3,PCH_16,PCH_9,PCH_19,PCH_29"
908,"PCH_13,PCH_4,PCH_33,PCH_35,PCH_10,PCH_31"
909,"PCH_32,PCH_12,PCH_22,PCH_18,PCH_26"
910,"PCH_15,PCH_28"
911,"PCH_5,PCH_16,PCH_18,PCH_24,PCH_32,PCH_31,PCH_25"
912,"PCH_25,PCH_32,PCH_27,PCH_35,PCH_7,PCH_23,PCH_22,PCH_12,PCH_33,PCH_21"
913,"PCH_13,PCH_24,PCH_2,PCH_19,PCH_33,PCH_10,PCH_21,PCH_35,PCH_25"
914,"PCH_17,PCH_32"
915,"PCH_2,PCH_18,PCH_24,PCH_10,PCH_14,PCH_29"
916,"PCH_25,PCH_28,PCH_33,PCH_30,PCH_19"
917,"PCH_4,PCH_26,PCH_31,PCH_28"
918,"PCH_29,PCH_28,PCH_31"
919,"PCH_33,PCH_32,PCH_12,PCH_26,PCH_16"
920,"PCH_31,PCH_24,PCH_19,PCH_35,PCH_34,PCH_30,PCH_11,PCH_22,PCH_10"
921,"PCH_1,PCH_15"
922,"PCH_17,PCH_26,PCH_33"
923,"PCH_16,PCH_13,PCH_14,PCH_18,PCH_28,PCH_25"
924,"PCH_22,PCH_26,PCH_14"
925,"PCH_32,PCH_15,PCH_4,PCH_8"
926,"PCH_29,PCH_7,PCH_32,PCH_2,PCH_10,PCH_3"
927,"PCH_18,PCH_7,PCH_22,PCH_30,PCH_15,PCH_19,PCH_5"
928,"PCH_34,PCH_19,PCH_24,PCH_4,PCH_17,PCH_12"
929,"PCH_16,PCH_34"
930,"PCH_16,PCH_21,PCH_34,PCH_26"
931,"PCH_28,PCH_26,PCH_29"
932,"PCH_14,PCH_28,PCH_33,PCH_10,PCH_7,PCH_9,PCH_22,PCH_27,PCH_24,PCH_17"
933,"PCH_9,PCH_25,PCH_20,PCH_8,PCH_33,PCH_14"
934,"PCH_27,PCH_9,PCH_4,PCH_21,PCH_14"
935,"PCH_16,PCH_25,PCH_2,PCH_29,PCH_6,PCH_18"
936,"PCH_26,PCH_6,PCH_29,PCH_34,PCH_14,PCH_20,PCH_28,PCH_8,PCH_4"
937,"PCH_12,PCH_2,PCH_18,PCH_15,PCH_6,PCH_27,PCH_4"
938,"PCH_5,PCH_28,PCH_31,PCH_32"
939,"PCH_5,PCH_12,PCH_33,PCH_29,PCH_17,PCH_15,PCH_34"
940,"PCH_18,PCH_17,PCH_22,PCH_29"
941,"PCH_17,PCH_4,PCH_6,PCH_5,PCH_27"
942,"PCH_6,PCH_4,PCH_14"
943,"PCH_28,PCH_25,PCH_35,PCH_34,PCH_5,PCH_14,PCH_4,PCH_21"
944,"PCH_32,PCH_21,PCH_33,PCH_31,PCH_25,PCH_17,PCH_26"
945,"PCH_29,PCH_33,PCH_18,PCH_11,PCH_10,PCH_35,PCH_23"
946,"PCH_6,PCH_9,PCH_16,PCH_20,PCH_8,PCH_17,PCH_11,PCH_28,PCH_3"
947,"PCH_13,PCH_18,PCH_22,PCH_26,PCH_17"
948,"PCH_24,PCH_32,PCH_33"
949,"PCH_15,PCH_22,PCH_29,PCH_19,PCH_12,PCH_18,PCH_13"
950,"PCH_15,PCH_8,PCH_22,PCH_9,PCH_7"
951,"PCH_16,PCH_1,PCH_21,PCH_12,PCH_29,PCH_34,PCH_7,PCH_27,PCH_13"
952,"PCH_14,PCH_11,PCH_29,PCH_15"
953,"PCH_1,PCH_11,PCH_15,PCH_20,PCH_33,PCH_5,PCH_10,PCH_34"
954,"PCH_35,PCH_13,PCH_1,PCH_30"
955,"PCH_33,PCH_32,PCH_11"
956,"PCH_12,PCH_9,PCH_13"
957,"PCH_19,PCH_24,PCH_10,PCH_6,PCH_20,PCH_2,PCH_12,PCH_16,PCH_13,PCH_17"
958,"PCH_11,PCH_20,PCH_31,PCH_2,PCH_5,PCH_27,PCH_9,PCH_24,PCH_14"
959,"PCH_9,PCH_12"
960,"PCH_5,PCH_9,PCH_12,PCH_34,PCH_29,PCH_19"
961,"PCH_15,PCH_20,PCH_1,PCH_34,PCH_24,PCH_2,PCH_31,PCH_29"
962,"PCH_7,PCH_11,PCH_6,PCH_1,PCH_2,PCH_16,PCH_18,PCH_22,PCH_28"
963,"PCH_7,PCH_26,PCH_2,PCH_17,PCH_22,PCH_27"
964,"PCH_15,PCH_4"
965,"PCH_16,PCH_1,PCH_13,PCH_12"
966,"PCH_30,PCH_28,PCH_33,PCH_25,PCH_14,PCH_4,PCH_5,PCH_3,PCH_23,PCH_6"
967,"PCH_17,PCH_1,PCH_23"
968,"PCH_30,PCH_31,PCH_18,PCH_24,PCH_23,PCH_25,PCH_15,PCH_5,PCH_2"
969,"PCH_28,PCH_4,PCH_27,PCH_14,PCH_23,PCH_31"
970,"PCH_2,PCH_21,PCH_8"
971,"PCH_11,PCH_8,PCH_15,PCH_12,PCH_32,PCH_23,PCH_2,PCH_35"
972,"PCH_6,PCH_11,PCH_28,PCH_34,PCH_4,PCH_29,PCH_26,PCH_12"
973,"PCH_18,PCH_23,PCH_28,PCH_31,PCH_30,PCH_15,PCH_26,PCH_25"
974,"PCH_13,PCH_19,PCH_17,PCH_25,PCH_21"
975,"PCH_8,PCH_15"
976,"PCH_28,PCH_35,PCH_6,PCH_21,PCH_16,PCH_19,PCH_4"
977,"PCH_33,PCH_7,PCH_11,PCH_24,PCH_30,PCH_19,PCH_31"
978,"PCH_17,PCH_9,PCH_16,PCH_26,PCH_10,PCH_33"
979,"PCH_20,PCH_1,PCH_17,PCH_29,PCH_19,PCH_15,PCH_32,PCH_9"
980,"PCH_23,PCH_12,PCH_24,PCH_8"
981,"PCH_28,PCH_20,PCH_5"
982,"PCH_8,PCH_9,PCH_1,PCH_13,PCH_23,PCH_22,PCH_28,PCH_3,PCH_12,PCH_16"
983,"PCH_6,PCH_33,PCH_11,PCH_5,PCH_34,PCH_14,PCH_21,PCH_2,PCH_31,PCH_8"
984,"PCH_25,PCH_18,PCH_10,PCH_27,PCH_1,PCH_33,PCH_8,PCH_7,PCH_26,PCH_14"
985,"PCH_11,PCH_13,PCH_4,PCH_19,PCH_12,PCH_21,PCH_17,PCH_24,PCH_27"
986,"PCH_18,PCH_23,PCH_2,PCH_3,PCH_27,PCH_19,PCH_20,PCH_25"
987,"PCH_17,PCH_29,PCH_6,PCH_3,PCH_35,PCH_10,PCH_5,PCH_9"
988,"PCH_20,PCH_19,PCH_5,PCH_18,PCH_12"
989,"PCH_15,PCH_34,PCH_32,PCH_20"
990,"PCH_11,PCH_25,PCH_21,PCH_13,PCH_7,PCH_32,PCH_2,PCH_22,PCH_6,PCH_3"
991,"PCH_32,PCH_28,PCH_23"
992,"PCH_10,PCH_34,PCH_19,PCH_28,PCH_32,PCH_15,PCH_22,PCH_29"
993,"PCH_3,PCH_29"
994,"PCH_26,PCH_25"
995,"PCH_10,PCH_16,PCH_7,PCH_20,PCH_15,PCH_26,PCH_25,PCH_5,PCH_23,PCH_9"
996,"PCH_10,PCH_2,PCH_18,PCH_6,PCH_4,PCH_13,PCH_35"
997,"PCH_5,PCH_28,PCH_25"
998,"PCH_27,PCH_33,PCH_35,PCH_11,PCH_12,PCH_32,PCH_6,PCH_9"
999,"PCH_7,PCH_31,PCH_29,PCH_35,PCH_3,PCH_9,PCH_10,PCH_33"
1000,"PCH_20,PCH_34,PCH_35,PCH_28,PCH_10"
1001,"PCH_16,PCH_11"
1002,"PCH_15,PCH_19,PCH_18,PCH_11,PCH_24,PCH_35,PCH_23,PCH_1"
1003,"PCH_11,PCH_7,PCH_13,PCH_32,PCH_2,PCH_33,PCH_30"
1004,"PCH_29,PCH_19,PCH_16,PCH_12,PCH_9"
1005,"PCH_27,PCH_6,PCH_10,PCH_32,PCH_14,PCH_9,PCH_19,PCH_4,PCH_7,PCH_8"
1006,"PCH_31,PCH_9,PCH_30,PCH_21"
1007,"PCH_7,PCH_21,PCH_28,PCH_27,PCH_4"
1008,"PCH_24,PCH_35,PCH_2,PCH_18,PCH_11,PCH_20,PCH_1,PCH_26"
1009,"PCH_19,PCH_1,PCH_28"
1010,"PCH_14,PCH_35,PCH_19,PCH_20,PCH_10,PCH_21,PCH_11,PCH_4"
1011,"PCH_14,PCH_28,PCH_1"
1012,"PCH_17,PCH_31,PCH_27,PCH_30,PCH_33,PCH_18"
1013,"PCH_26,PCH_3"
1014,"PCH_11,PCH_15,PCH_30,PCH_7,PCH_26,PCH_33,PCH_4,PCH_13"
1015,"PCH_8,PCH_17,PCH_21,PCH_2"
1016,"PCH_17,PCH_29,PCH_34,PCH_20,PCH_23,PCH_31,PCH_26,PCH_19,PCH_30"
1017,"PCH_18,PCH_13,PCH_5,PCH_32,PCH_16"
1018,"PCH_19,PCH_10,PCH_35,PCH_17,PCH_2,PCH_24,PCH_3,PCH_26,PCH_31,PCH_7"
1019,"PCH_14,PCH_11,PCH_13,PCH_18,PCH_9,PCH_27,PCH_20,PCH_5"
1020,"PCH_10,PCH_13,PCH_14,PCH_30,PCH_29"
1021,"PCH_34,PCH_25,PCH_24,PCH_27,PCH_35,PCH_4,PCH_16"
1022,"PCH_31,PCH_18,PCH_22,PCH_14,PCH_1,PCH_9,PCH_4"
1023,"PCH_11,PCH_30,PCH_23,PCH_21,PCH_17"
1024,"PCH_23,PCH_1"
1025,"PCH_24,PCH_17,PCH_28,PCH_6,PCH_1,PCH_10,PCH_29,PCH_26"
1026,"PCH_4,PCH_25,PCH_9,PCH_19,PCH_21,PCH_16,PCH_28"
1027,"PCH_24,PCH_8,PCH_6,PCH_1,PCH_30,PCH_12,PCH_23,PCH_11,PCH_28"
1028,"PCH_21,PCH_1,PCH_22,PCH_15,PCH_29,PCH_24,PCH_7,PCH_35"
1029,"PCH_35,PCH_20,PCH_15,PCH_31,PCH_18,PCH_5,PCH_29,PCH_30,PCH_6,PCH_3"
1030,"PCH_17,PCH_31,PCH_19,PCH_34,PCH_27,PCH_28"
1031,"PCH_19,PCH_20"
1032,"PCH_7,PCH_25,PCH_32,PCH_22,PCH_12,PCH_19"
1033,"PCH_32,PCH_20,PCH_23,PCH_11,PCH_21,PCH_9,PCH_24,PCH_16,PCH_15,PCH_34"
1034,"PCH_6,PCH_3"
1035,"PCH_34,PCH_10,PCH_7,PCH_31,PCH_9,PCH_18,PCH_35,PCH_12,PCH_15,PCH_27"
1036,"PCH_16,PCH_21"
1037,"PCH_25,PCH_31,PCH_18,PCH_20,PCH_33,PCH_8,PCH_32"
1038,"PCH_9,PCH_22,PCH_27"
1039,"PCH_21,PCH_8,PCH_31,PCH_2"
1040,"PCH_4,PCH_13,PCH_31,PCH_2"
1041,"PCH_12,PCH_18,PCH_15,PCH_6,PCH_5,PCH_23"
1042,"PCH_15,PCH_13,PCH_11,PCH_29,PCH_23"
1043,"PCH_1,PCH_22,PCH_35"
1044,"PCH_18,PCH_5,PCH_24,PCH_15"
1045,"PCH_20,PCH_8,PCH_23,PCH_22,PCH_13,PCH_17,PCH_31,PCH_4"
1046,"PCH_35,PCH_30,PCH_16,PCH_29,PCH_6,PCH_12,PCH_23,PCH_4,PCH_32"
1047,"PCH_12,PCH_14,PCH_13"
1048,"PCH_34,PCH_29,PCH_13,PCH_21,PCH_30"
1049,"PCH_3,PCH_24"
1050,"PCH_28,PCH_29"
1051,"PCH_25,PCH_34,PCH_26,PCH_35,PCH_31"
1052,"PCH_5,PCH_35"
1053,"PCH_35,PCH_20,PCH_34,PCH_8,PCH_26,PCH_9,PCH_24,PCH_31,PCH_23,PCH_3"
1054,"PCH_25,PCH_16,PCH_12,PCH_21,PCH_20"
1055,"PCH_18,PCH_21,PCH_30,PCH_19,PCH_3"
1056,"PCH_32,PCH_25,PCH_35,PCH_14,PCH_16,PCH_18,PCH_24,PCH_34,PCH_28"
1057,"PCH_2,PCH_9,PCH_3,PCH_20,PCH_14"
1058,"PCH_30,PCH_21,PCH_26,PCH_1,PCH_11"
1059,"PCH_19,PCH_1,PCH_31,PCH_24,PCH_28,PCH_30,PCH_13,PCH_5"
1060,"PCH_31,PCH_23,PCH_33,PCH_6,PCH_8,PCH_24,PCH_27,PCH_1,PCH_17"
1061,"PCH_11,PCH_33,PCH_20,PCH_7,PCH_30,PCH_10,PCH_2"
1062,"PCH_11,PCH_21,PCH_19,PCH_32,PCH_8"
1063,"PCH_24,PCH_15,PCH_5,PCH_11,PCH_33"
1064,"PCH_25,PCH_4,PCH_5,PCH_30,PCH_1,PCH_22"
1065,"PCH_20,PCH_25,PCH_2,PCH_1"
1066,"PCH_35,PCH_24,PCH_3,PCH_29,PCH_32,PCH_15,PCH_9"
1067,"PCH_8,PCH_21,PCH_31"
1068,"PCH_27,PCH_16,PCH_29,PCH_8"
1069,"PCH_28,PCH_3,PCH_19"
1070,"PCH_24,PCH_15"
1071,"PCH_23,PCH_16,PCH_10"
1072,"PCH_24,PCH_26,PCH_21,PCH_30"
1073,"PCH_30,PCH_23,PCH_11,PCH_31,PCH_26,PCH_9,PCH_6"
1074,"PCH_25,PCH_21,PCH_23"
1075,"PCH_16,PCH_27,PCH_19,PCH_13,PCH_22,PCH_17,PCH_18,PCH_2"
1076,"PCH_23,PCH_26,PCH_11,PCH_12,PCH_6,PCH_2,PCH_21,PCH_15,PCH_4,PCH_10"
1077,"PCH_35,PCH_8,PCH_4"
1078,"PCH_18,PCH_17,PCH_12,PCH_23"
1079,"PCH_29,PCH_21,PCH_1,PCH_19,PCH_3,PCH_33,PCH_31,PCH_10,PCH_6"
1080,"PCH_28,PCH_6,PCH_12"
1081,"PCH_30,PCH_16"
1082,"PCH_31,PCH_25,PCH_33,PCH_35,PCH_7,PCH_15,PCH_28,PCH_6"
1083,"PCH_29,PCH_8"
1084,"PCH_34,PCH_32,PCH_18,PCH_30,PCH_23,PCH_26,PCH_31,PCH_17,PCH_16,PCH_35"
1085,"PCH_23,PCH_22,PCH_3,PCH_8,PCH_27"
1086,"PCH_14,PCH_7,PCH_25,PCH_15,PCH_35"
1087,"PCH_16,PCH_27"
1088,"PCH_11,PCH_20,PCH_19,PCH_32,PCH_30"
1089,"PCH_26,PCH_9,PCH_13,PCH_5,PCH_18,PCH_23,PCH_17"
1090,"PCH_7,PCH_23,PCH_18,PCH_1,PCH_4,PCH_8,PCH_35"
1091,"PCH_10,PCH_1,PCH_11"
1092,"PCH_9,PCH_11,PCH_18,PCH_23,PCH_6,PCH_8,PCH_19"
1093,"PCH_21,PCH_9,PCH_13,PCH_6,PCH_20"
1094,"PCH_11,PCH_15,PCH_26"
1095,"PCH_19,PCH_18,PCH_9,PCH_20,PCH_6,PCH_25,PCH_28"
1096,"PCH_5,PCH_25,PCH_29,PCH_14,PCH_8,PCH_6"
1097,"PCH_18,PCH_22,PCH_17,PCH_9,PCH_19,PCH_2,PCH_24,PCH_8,PCH_31,PCH_11"
1098,"PCH_3,PCH_15,PCH_33,PCH_4,PCH_17,PCH_12,PCH_5,PCH_28,PCH_21,PCH_10"
1099,"PCH_28,PCH_25,PCH_1,PCH_14,PCH_31,PCH_18,PCH_5"
1100,"PCH_11,PCH_6,PCH_15,PCH_8,PCH_12,PCH_3,PCH_13"
1101,"PCH_8,PCH_22,PCH_9,PCH_33"
1102,"PCH_13,PCH_12,PCH_32,PCH_21,PCH_27,PCH_28"
1103,"PCH_2,PCH_28,PCH_23,PCH_15,PCH_7,PCH_34,PCH_9,PCH_30"
1104,"PCH_25,PCH_12,PCH_1,PCH_24,PCH_18,PCH_13,PCH_34"
1105,"PCH_13,PCH_16,PCH_12,PCH_27,PCH_24,PCH_11"
1106,"PCH_34,PCH_9,PCH_16,PCH_26,PCH_29,PCH_15,PCH_17,PCH_30"
1107,"PCH_6,PCH_8,PCH_27,PCH_10,PCH_4,PCH_5,PCH_21"
1108,"PCH_17,PCH_10,PCH_20,PCH_4"
1109,"PCH_26,PCH_25,PCH_34,PCH_27,PCH_28,PCH_21,PCH_14,PCH_16,PCH_1,PCH_33"
1110,"PCH_28,PCH_13,PCH_19,PCH_3,PCH_34,PCH_31,PCH_15,PCH_14,PCH_26,PCH_9"
1111,"PCH_22,PCH_29,PCH_34,PCH_8"
1112,"PCH_23,PCH_12,PCH_28,PCH_11"
1113,"PCH_22,PCH_6,PCH_24,PCH_13"
1114,"PCH_20,PCH_11,PCH_30,PCH_16,PCH_27,PCH_33,PCH_29"
1115,"PCH_31,PCH_22,PCH_18,PCH_15"
1116,"PCH_27,PCH_18,PCH_28"
1117,"PCH_10,PCH_18,PCH_2,PCH_17,PCH_32,PCH_9,PCH_12,PCH_19,PCH_24"
1118,"PCH_8,PCH_5,PCH_20,PCH_2,PCH_13"
1119,"PCH_32,PCH_18,PCH_19,PCH_16,PCH_1,PCH_15,PCH_25"
1120,"PCH_3,PCH_15,PCH_18,PCH_16,PCH_25"
1121,"PCH_22,PCH_23,PCH_11,PCH_24,PCH_4,PCH_25,PCH_32"
1122,"PCH_4,PCH_29,PCH_20,PCH_5,PCH_34,PCH_31,PCH_1,PCH_8"
1123,"PCH_1,PCH_2,PCH_7,PCH_17,PCH_22"
1124,"PCH_5,PCH_11"
1125,"PCH_28,PCH_22"
1126,"PCH_24,PCH_18,PCH_6,PCH_23,PCH_14,PCH_1,PCH_7,PCH_3,PCH_35,PCH_25"
1127,"PCH_19,PCH_31,PCH_5,PCH_2,PCH_34"
1128,"PCH_17,PCH_30,PCH_23,PCH_3,PCH_31,PCH_27,PCH_25,PCH_9,PCH_16,PCH_5"
1129,"PCH_31,PCH_33,PCH_26,PCH_3,PCH_32,PCH_28,PCH_30"
1130,"PCH_34,PCH_10"
1131,"PCH_8,PCH_6,PCH_31"
1132,"PCH_25,PCH_14,PCH_31,PCH_15,PCH_33,PCH_29,PCH_2,PCH_32,PCH_1"
1133,"PCH_32,PCH_8,PCH_26,PCH_24,PCH_9"
1134,"PCH_4,PCH_7,PCH_2"
1135,"PCH_14,PCH_23,PCH_33,PCH_30,PCH_31,PCH_29"
1136,"PCH_13,PCH_29,PCH_10"
1137,"PCH_33,PCH_14,PCH_26,PCH_28,PCH_18"
1138,"PCH_28,PCH_22"
1139,"PCH_32,PCH_2,PCH_14,PCH_34,PCH_21,PCH_26"
1140,"PCH_26,PCH_17,PCH_8,PCH_28,PCH_4,PCH_15,PCH_27,PCH_30"
1141,"PCH_29,PCH_3,PCH_10,PCH_17,PCH_12,PCH_27,PCH_18,PCH_21,PCH_6,PCH_16"
1142,"PCH_3,PCH_11,PCH_28,PCH_12,PCH_8,PCH_6,PCH_20,PCH_33,PCH_14"
1143,"PCH_4,PCH_19,PCH_15,PCH_14,PCH_7,PCH_27"
1144,"PCH_29,PCH_28,PCH_7,PCH_34,PCH_17"
1145,"PCH_9,PCH_26,PCH_32,PCH_15,PCH_34,PCH_3"
1146,"PCH_28,PCH_1"
1147,"PCH_12,PCH_31,PCH_13,PCH_35,PCH_9,PCH_1,PCH_22"
1148,"PCH_18,PCH_2"
1149,"PCH_19,PCH_16,PCH_20,PCH_28,PCH_21,PCH_22,PCH_18,PCH_2"
1150,"PCH_11,PCH_1,PCH_31,PCH_4,PCH_7,PCH_26,PCH_25,PCH_10"
1151,"PCH_19,PCH_22"
1152,"PCH_30,PCH_26,PCH_22"
1153,"PCH_23,PCH_7,PCH_10,PCH_17,PCH_35,PCH_33,PCH_34,PCH_27,PCH_19"
1154,"PCH_15,PCH_28,PCH_27,PCH_25,PCH_14,PCH_30,PCH_2,PCH_10,PCH_35,PCH_32"
1155,"PCH_18,PCH_21,PCH_4,PCH_3,PCH_19,PCH_29,PCH_28,PCH_2,PCH_32,PCH_34"
1156,"PCH_22,PCH_5,PCH_8"
1157,"PCH_19,PCH_21,PCH_18,PCH_12,PCH_17,PCH_31,PCH_2,PCH_6,PCH_22"
1158,"PCH_29,PCH_18,PCH_1,PCH_13,PCH_17,PCH_7"
1159,"PCH_31,PCH_18,PCH_17,PCH_21,PCH_29,PCH_33"
1160,"PCH_25,PCH_9,PCH_6,PCH_33"
1161,"PCH_15,PCH_22"
1162,"PCH_8,PCH_2,PCH_6,PCH_24,PCH_14,PCH_29,PCH_1,PCH_15"
1163,"PCH_12,PCH_19,PCH_14,PCH_30,PCH_35,PCH_18,PCH_11,PCH_34,PCH_13"
1164,"PCH_10,PCH_23,PCH_8,PCH_20,PCH_32"
1165,"PCH_29,PCH_7,PCH_30"
1166,"PCH_29,PCH_27,PCH_28,PCH_6,PCH_23,PCH_25,PCH_14,PCH_8,PCH_3"
1167,"PCH_13,PCH_25,PCH_28,PCH_34,PCH_27,PCH_19,PCH_3,PCH_8"
1168,"PCH_34,PCH_33,PCH_19,PCH_17,PCH_3"
1169,"PCH_13,PCH_24,PCH_31"
1170,"PCH_12,PCH_11,PCH_14,PCH_7,PCH_21,PCH_29,PCH_26,PCH_17,PCH_32,PCH_35"
1171,"PCH_28,PCH_1,PCH_9,PCH_12,PCH_21,PCH_11,PCH_18,PCH_32,PCH_8"
1172,"PCH_6,PCH_27,PCH_15,PCH_18,PCH_29,PCH_11,PCH_16,PCH_1,PCH_10"
1173,"PCH_29,PCH_6,PCH_28,PCH_20"
1174,"PCH_3,PCH_8,PCH_33,PCH_19,PCH_5,PCH_20,PCH_21,PCH_24,PCH_27,PCH_7"
1175,"PCH_21,PCH_22,PCH_28,PCH_7,PCH_9,PCH_34,PCH_13"
1176,"PCH_6,PCH_23"
1177,"PCH_30,PCH_16,PCH_34,PCH_18"
1178,"PCH_19,PCH_9,PCH_17,PCH_14,PCH_11,PCH_16,PCH_25"
1179,"PCH_25,PCH_12,PCH_10,PCH_21,PCH_9,PCH_34,PCH_13,PCH_22,PCH_6"
1180,"PCH_5,PCH_32,PCH_25"
1181,"PCH_1,PCH_9,PCH_29,PCH_13,PCH_7,PCH_14,PCH_30"
1182,"PCH_4,PCH_15,PCH_13,PCH_27,PCH_10,PCH_25,PCH_23,PCH_2,PCH_9"
1183,"PCH_21,PCH_18,PCH_35"
1184,"PCH_9,PCH_31,PCH_28,PCH_33,PCH_12,PCH_26,PCH_24"
1185,"PCH_12,PCH_35"
1186,"PCH_33,PCH_34,PCH_13,PCH_15,PCH_14,PCH_2,PCH_25,PCH_19"
1187,"PCH_3,PCH_15,PCH_11,PCH_6,PCH_13,PCH_32"
1188,"PCH_16,PCH_22,PCH_31,PCH_27,PCH_33,PCH_15,PCH_19,PCH_20,PCH_21,PCH_10"
1189,"PCH_11,PCH_18,PCH_14,PCH_32,PCH_30,PCH_23,PCH_29,PCH_26,PCH_28"
1190,"PCH_6,PCH_26,PCH_20,PCH_14,PCH_3,PCH_16,PCH_27,PCH_28"
1191,"PCH_12,PCH_8,PCH_27"
1192,"PCH_26,PCH_8,PCH_31,PCH_21,PCH_2,PCH_12"
1193,"PCH_26,PCH_11,PCH_15,PCH_7,PCH_21,PCH_23"
1194,"PCH_9,PCH_21,PCH_17,PCH_3,PCH_35,PCH_10"
1195,"PCH_24,PCH_13,PCH_31,PCH_35,PCH_9,PCH_20,PCH_1"
1196,"PCH_4,PCH_21,PCH_30,PCH_25,PCH_20"
1197,"PCH_13,PCH_19,PCH_21"
1198,"PCH_25,PCH_28,PCH_26"
1199,"PCH_25,PCH_17,PCH_34,PCH_22,PCH_8,PCH_23,PCH_7"
1200,"PCH_21,PCH_3,PCH_33"
1201,"PCH_32,PCH_21,PCH_5,PCH_14,PCH_9,PCH_10"
1202,"PCH_23,PCH_11,PCH_1,PCH_35"
1203,"PCH_28,PCH_12,PCH_26"
1204,"PCH_22,PCH_28,PCH_13,PCH_11,PCH_3"
1205,"PCH_34,PCH_8,PCH_12,PCH_23,PCH_13"
1206,"PCH_16,PCH_20,PCH_11"
1207,"PCH_6,PCH_15,PCH_12,PCH_2,PCH_19,PCH_11,PCH_24,PCH_4,PCH_29,PCH_20"
1208,"PCH_2,PCH_6,PCH_17,PCH_1,PCH_9"
1209,"PCH_35,PCH_5"
1210,"PCH_28,PCH_9"
1211,"PCH_24,PCH_21,PCH_4,PCH_6"
1212,"PCH_29,PCH_15,PCH_23,PCH_31"
1213,"PCH_4,PCH_32,PCH_14,PCH_19,PCH_17"
1214,"PCH_24,PCH_26,PCH_35,PCH_31,PCH_30"
1215,"PCH_8,PCH_9,PCH_11,PCH_34,PCH_32,PCH_31,PCH_14,PCH_25,PCH_20"
1216,"PCH_4,PCH_6,PCH_7,PCH_27,PCH_10,PCH_12,PCH_8"
1217,"PCH_32,PCH_20,PCH_19"
1218,"PCH_25,PCH_29,PCH_33,PCH_24,PCH_3,PCH_18,PCH_6,PCH_15"
1219,"PCH_27,PCH_9,PCH_13,PCH_3,PCH_28,PCH_7,PCH_15,PCH_33,PCH_2,PCH_23"
1220,"PCH_9,PCH_7,PCH_20,PCH_14,PCH_21,PCH_10,PCH_27,PCH_19,PCH_29"
1221,"PCH_10,PCH_23,PCH_30,PCH_13,PCH_26,PCH_6,PCH_5"
1222,"PCH_4,PCH_30,PCH_14,PCH_2,PCH_31,PCH_29,PCH_18,PCH_17,PCH_10"
1223,"PCH_20,PCH_31,PCH_25,PCH_13,PCH_33"
1224,"PCH_13,PCH_8,PCH_4,PCH_3"
1225,"PCH_6,PCH_5,PCH_2,PCH_1,PCH_4,PCH_3,PCH_23,PCH_17,PCH_29,PCH_32"
1226,"PCH_33,PCH_12,PCH_14,PCH_5,PCH_31,PCH_34,PCH_30,PCH_22"
1227,"PCH_23,PCH_31"
1228,"PCH_5,PCH_16,PCH_11,PCH_7,PCH_26,PCH_14,PCH_28"
1229,"PCH_21,PCH_6"
1230,"PCH_12,PCH_27,PCH_5,PCH_14,PCH_13,PCH_8,PCH_2,PCH_9,PCH_23,PCH_3"
1231,"PCH_30,PCH_2,PCH_32,PCH_4,PCH_35"
1232,"PCH_3,PCH_28,PCH_6,PCH_23,PCH_35,PCH_26"
1233,"PCH_18,PCH_7,PCH_31,PCH_24,PCH_25,PCH_1"
1234,"PCH_20,PCH_19,PCH_11,PCH_21,PCH_26,PCH_23,PCH_8,PCH_1,PCH_34"
1235,"PCH_28,PCH_7,PCH_5,PCH_24,PCH_12,PCH_25,PCH_8,PCH_14,PCH_23,PCH_20"
1236,"PCH_5,PCH_4,PCH_1,PCH_30,PCH_16,PCH_26,PCH_11,PCH_19"
1237,"PCH_22,PCH_4"
1238,"PCH_17,PCH_20"
1239,"PCH_20,PCH_21,PCH_29"
1240,"PCH_8,PCH_13,PCH_35,PCH_4,PCH_17,PCH_3,PCH_29,PCH_18,PCH_30"
1241,"PCH_26,PCH_6,PCH_1,PCH_3"
1242,"PCH_9,PCH_20,PCH_5,PCH_30,PCH_15,PCH_33,PCH_29,PCH_21,PCH_2,PCH_13"
1243,"PCH_15,PCH_35,PCH_3,PCH_4,PCH_24,PCH_32,PCH_7,PCH_9,PCH_16,PCH_33"
1244,"PCH_2,PCH_11"
1245,"PCH_22,PCH_8"
1246,"PCH_12,PCH_4,PCH_24"
1247,"PCH_1,PCH_34"
1248,"PCH_13,PCH_9,PCH_21,PCH_34,PCH_27,PCH_11,PCH_33"
1249,"PCH_32,PCH_8,PCH_25,PCH_5,PCH_24,PCH_1"
1250,"PCH_14,PCH_3,PCH_18,PCH_2,PCH_12,PCH_26"
1251,"PCH_21,PCH_22,PCH_13,PCH_24,PCH_26,PCH_33"
1252,"PCH_32,PCH_10,PCH_35,PCH_5,PCH_12,PCH_25,PCH_13,PCH_1,PCH_9"
1253,"PCH_6,PCH_30,PCH_16"
1254,"PCH_19,PCH_24,PCH_11,PCH_3"
1255,"PCH_29,PCH_1,PCH_18,PCH_4"
1256,"PCH_30,PCH_31,PCH_8,PCH_27,PCH_22"
1257,"PCH_6,PCH_11,PCH_16,PCH_34,PCH_30,PCH_32"
1258,"PCH_28,PCH_11,PCH_6"
1259,"PCH_4,PCH_22,PCH_21,PCH_27,PCH_10,PCH_34,PCH_35,PCH_2,PCH_26"
1260,"PCH_30,PCH_8,PCH_2,PCH_4,PCH_33,PCH_32,PCH_28,PCH_19,PCH_27,PCH_15"
1261,"PCH_19,PCH_8"
1262,"PCH_14,PCH_28,PCH_9,PCH_7"
1263,"PCH_1,PCH_24,PCH_16,PCH_29,PCH_8,PCH_7,PCH_22"
1264,"PCH_5,PCH_3,PCH_32,PCH_35,PCH_34,PCH_16,PCH_13,PCH_27"
1265,"PCH_34,PCH_31,PCH_26,PCH_25,PCH_35"
1266,"PCH_21,PCH_9,PCH_28,PCH_25,PCH_29,PCH_18"
1267,"PCH_24,PCH_29,PCH_21,PCH_8,PCH_11,PCH_9,PCH_12"
1268,"PCH_35,PCH_14,PCH_8,PCH_30,PCH_13,PCH_2,PCH_19,PCH_7,PCH_4,PCH_9"
1269,"PCH_30,PCH_23,PCH_32,PCH_16,PCH_35,PCH_31"
1270,"PCH_23,PCH_19,PCH_4,PCH_3,PCH_13"
1271,"PCH_9,PCH_8"
1272,"PCH_35,PCH_5"
1273,"PCH_33,PCH_25,PCH_21"
1274,"PCH_12,PCH_26"
1275,"PCH_32,PCH_13,PCH_9,PCH_14"
1276,"PCH_2,PCH_23,PCH_21,PCH_16"
1277,"PCH_5,PCH_4,PCH_14,PCH_8,PCH_18,PCH_13"
1278,"PCH_27,PCH_4,PCH_6,PCH_34,PCH_17,PCH_20,PCH_24,PCH_32"
1279,"PCH_11,PCH_31,PCH_17"
1280,"PCH_11,PCH_18,PCH_16,PCH_32,PCH_15,PCH_24,PCH_25,PCH_14,PCH_12,PCH_29"
1281,"PCH_33,PCH_29,PCH_24,PCH_12,PCH_15,PCH_25,PCH_23,PCH_4,PCH_18,PCH_11"
1282,"PCH_10,PCH_6,PCH_20,PCH_29,PCH_17,PCH_26,PCH_30,PCH_33"
1283,"PCH_24,PCH_6"
1284,"PCH_10,PCH_23"
1285,"PCH_19,PCH_32,PCH_27"
1286,"PCH_6,PCH_25,PCH_7,PCH_11,PCH_27,PCH_24,PCH_35,PCH_31,PCH_32,PCH_1"
1287,"PCH_24,PCH_12,PCH_7,PCH_13,PCH_34,PCH_30,PCH_27,PCH_19"
1288,"PCH_8,PCH_13,PCH_18,PCH_22"
1289,"PCH_17,PCH_21,PCH_2,PCH_20,PCH_19,PCH_15,PCH_3,PCH_18"
1290,"PCH_8,PCH_7,PCH_28,PCH_32,PCH_35,PCH_2,PCH_24,PCH_26,PCH_9,PCH_11"
1291,"PCH_24,PCH_25,PCH_32,PCH_10,PCH_30,PCH_11,PCH_4,PCH_23,PCH_5"
1292,"PCH_13,PCH_14,PCH_32,PCH_33"
1293,"PCH_20,PCH_2,PCH_8,PCH_3,PCH_19,PCH_14,PCH_17,PCH_22,PCH_9"
1294,"PCH_30,PCH_31,PCH_26,PCH_16,PCH_25,PCH_3"
1295,"PCH_19,PCH_3,PCH_9,PCH_20,PCH_18,PCH_29,PCH_34,PCH_35"
1296,"PCH_33,PCH_18,PCH_29,PCH_9,PCH_31,PCH_1,PCH_5"
1297,"PCH_32,PCH_7,PCH_23,PCH_27,PCH_10,PCH_3,PCH_19,PCH_25,PCH_31"
1298,"PCH_3,PCH_24,PCH_25,PCH_27,PCH_29,PCH_17,PCH_34,PCH_7"
1299,"PCH_23,PCH_28,PCH_10,PCH_32,PCH_3,PCH_19,PCH_35,PCH_27,PCH_18"
1300,"PCH_18,PCH_24,PCH_27"
1301,"PCH_28,PCH_31,PCH_9,PCH_22,PCH_17,PCH_6,PCH_2"
1302,"PCH_22,PCH_26,PCH_5"
1303,"PCH_14,PCH_21,PCH_9,PCH_29,PCH_15,PCH_27,PCH_6,PCH_31,PCH_22,PCH_12"
1304,"PCH_6,PCH_8,PCH_12,PCH_4,PCH_27,PCH_2,PCH_18,PCH_10,PCH_19,PCH_25"
1305,"PCH_7,PCH_2,PCH_22,PCH_13,PCH_19,PCH_10,PCH_16,PCH_29,PCH_32"
1306,"PCH_2,PCH_25,PCH_35,PCH_28"
1307,"PCH_19,PCH_20,PCH_9"
1308,"PCH_35,PCH_27"
1309,"PCH_31,PCH_16,PCH_29"
1310,"PCH_33,PCH_35,PCH_21,PCH_9,PCH_24"
1311,"PCH_25,PCH_1,PCH_5,PCH_12,PCH_14"
1312,"PCH_2,PCH_22,PCH_25,PCH_24"
1313,"PCH_35,PCH_7,PCH_21,PCH_32"
1314,"PCH_9,PCH_17"
1315,"PCH_24,PCH_11,PCH_29,PCH_18,PCH_17,PCH_27,PCH_26,PCH_16,PCH_7"
1316,"PCH_16,PCH_8,PCH_23,PCH_24"
1317,"PCH_23,PCH_12,PCH_27,PCH_7,PCH_11,PCH_5,PCH_6"
1318,"PCH_23,PCH_9,PCH_8,PCH_2,PCH_5,PCH_27"
1319,"PCH_13,PCH_7,PCH_2,PCH_6,PCH_30,PCH_21,PCH_23,PCH_20,PCH_9,PCH_14"
1320,"PCH_5,PCH_25,PCH_35,PCH_20,PCH_3,PCH_19,PCH_16"
1321,"PCH_16,PCH_12,PCH_5,PCH_30,PCH_18,PCH_22,PCH_25,PCH_11"
1322,"PCH_17,PCH_9,PCH_7,PCH_8,PCH_27,PCH_14,PCH_2,PCH_6,PCH_22,PCH_23"
1323,"PCH_3,PCH_24"
1324,"PCH_7,PCH_10,PCH_11,PCH_6,PCH_35"
1325,"PCH_5,PCH_20,PCH_16,PCH_1,PCH_26,PCH_33,PCH_2,PCH_31,PCH_28"
1326,"PCH_27,PCH_34,PCH_24,PCH_35,PCH_12,PCH_25"
1327,"PCH_31,PCH_27,PCH_35,PCH_18,PCH_12"
1328,"PCH_21,PCH_31,PCH_13"
1329,"PCH_7,PCH_17,PCH_30,PCH_28"
1330,"PCH_7,PCH_29,PCH_22,PCH_14,PCH_25"
1331,"PCH_26,PCH_20"
1332,"PCH_20,PCH_11,PCH_1,PCH_18,PCH_31"
1333,"PCH_11,PCH_28"
1334,"PCH_34,PCH_33"
1335,"PCH_7,PCH_17,PCH_28,PCH_26"
1336,"PCH_19,PCH_33"
1337,"PCH_20,PCH_21,PCH_35,PCH_26,PCH_3,PCH_29,PCH_23"
1338,"PCH_34,PCH_10,PCH_27,PCH_1"
1339,"PCH_15,PCH_2"
1340,"PCH_15,PCH_22,PCH_35,PCH_30,PCH_6,PCH_33,PCH_9"
1341,"PCH_28,PCH_34,PCH_13,PCH_33,PCH_8,PCH_23,PCH_7,PCH_22"
1342,"PCH_21,PCH_17,PCH_18,PCH_15"
1343,"PCH_29,PCH_18"
1344,"PCH_12,PCH_33,PCH_3"
1345,"PCH_17,PCH_3,PCH_15,PCH_29,PCH_1,PCH_25"
1346,"PCH_7,PCH_28,PCH_12,PCH_2,PCH_19,PCH_27,PCH_11,PCH_1"
1347,"PCH_21,PCH_22,PCH_28,PCH_9"
1348,"PCH_32,PCH_4,PCH_23,PCH_20,PCH_27,PCH_9,PCH_11,PCH_15"
1349,"PCH_2,PCH_17,PCH_27,PCH_8"
1350,"PCH_34,PCH_17,PCH_31,PCH_10,PCH_35,PCH_32"
1351,"PCH_28,PCH_18,PCH_1,PCH_4"
1352,"PCH_35,PCH_33"
1353,"PCH_1,PCH_27,PCH_21"
1354,"PCH_16,PCH_23,PCH_5,PCH_19,PCH_1"
1355,"PCH_2,PCH_7,PCH_11,PCH_5,PCH_22"
1356,"PCH_13,PCH_10,PCH_18,PCH_23,PCH_33,PCH_25,PCH_1,PCH_9,PCH_19"
1357,"PCH_1,PCH_13,PCH_9,PCH_35,PCH_17,PCH_14,PCH_2"
1358,"PCH_25,PCH_31,PCH_23,PCH_7"
1359,"PCH_12,PCH_21"
1360,"PCH_14,PCH_4,PCH_18,PCH_20,PCH_25,PCH_13,PCH_24,PCH_32,PCH_23"
1361,"PCH_33,PCH_27,PCH_24,PCH_32,PCH_9,PCH_2"
1362,"PCH_8,PCH_28,PCH_29,PCH_23"
1363,"PCH_14,PCH_23,PCH_9,PCH_28,PCH_3,PCH_34"
1364,"PCH_9,PCH_25,PCH_33"
1365,"PCH_31,PCH_25,PCH_33,PCH_18,PCH_22,PCH_17,PCH_26,PCH_27"
1366,"PCH_16,PCH_15,PCH_29,PCH_14,PCH_9,PCH_27,PCH_7"
1367,"PCH_29,PCH_21,PCH_15,PCH_2,PCH_12"
1368,"PCH_6,PCH_32,PCH_16,PCH_24,PCH_8,PCH_11,PCH_17,PCH_26,PCH_10,PCH_28"
1369,"PCH_33,PCH_4,PCH_24"
1370,"PCH_14,PCH_10,PCH_23,PCH_19,PCH_33,PCH_29,PCH_22"
1371,"PCH_33,PCH_8,PCH_32,PCH_5,PCH_17,PCH_3,PCH_14,PCH_22"
1372,"PCH_4,PCH_19,PCH_31,PCH_13"
1373,"PCH_25,PCH_15,PCH_3,PCH_10"
1374,"PCH_15,PCH_25,PCH_26,PCH_27,PCH_33,PCH_32,PCH_24,PCH_11,PCH_4"
1375,"PCH_8,PCH_30,PCH_3,PCH_13,PCH_5,PCH_7"
1376,"PCH_30,PCH_32,PCH_22,PCH_26,PCH_9,PCH_18,PCH_4,PCH_29,PCH_31"
1377,"PCH_29,PCH_24,PCH_21,PCH_31"
1378,"PCH_15,PCH_23,PCH_17,PCH_10,PCH_29,PCH_19"
1379,"PCH_32,PCH_33,PCH_17,PCH_12"
1380,"PCH_22,PCH_5,PCH_30,PCH_2"
1381,"PCH_4,PCH_27,PCH_25,PCH_14"
1382,"PCH_8,PCH_24,PCH_15,PCH_21,PCH_4,PCH_12"
1383,"PCH_35,PCH_22,PCH_32,PCH_14"
1384,"PCH_10,PCH_5,PCH_27,PCH_34,PCH_20,PCH_14"
1385,"PCH_21,PCH_14,PCH_5,PCH_32,PCH_19,PCH_25,PCH_2"
1386,"PCH_17,PCH_7,PCH_10,PCH_4,PCH_29"
1387,"PCH_28,PCH_34,PCH_16,PCH_14,PCH_31,PCH_19,PCH_8,PCH_32,PCH_18"
1388,"PCH_6,PCH_17,PCH_20,PCH_3,PCH_21,PCH_23,PCH_11"
1389,"PCH_34,PCH_32"
1390,"PCH_16,PCH_30,PCH_5,PCH_19"
1391,"PCH_27,PCH_26,PCH_25,PCH_16,PCH_2,PCH_11,PCH_35,PCH_6,PCH_33"
1392,"PCH_32,PCH_20"
1393,"PCH_12,PCH_23,PCH_33,PCH_22,PCH_3,PCH_5"
1394,"PCH_14,PCH_16,PCH_5,PCH_26,PCH_25"
1395,"PCH_32,PCH_20"
1396,"PCH_7,PCH_14,PCH_12,PCH_18"
1397,"PCH_21,PCH_23,PCH_26,PCH_18,PCH_9,PCH_6"
1398,"PCH_23,PCH_12,PCH_3,PCH_29"
1399,"PCH_16,PCH_8,PCH_13,PCH_27,PCH_29,PCH_12,PCH_9,PCH_14"
1400,"PCH_2,PCH_7,PCH_35"
1401,"PCH_33,PCH_2,PCH_9,PCH_11"
1402,"PCH_11,PCH_23,PCH_19,PCH_1,PCH_4,PCH_8"
1403,"PCH_16,PCH_19,PCH_24,PCH_1"
1404,"PCH_27,PCH_31,PCH_20,PCH_8,PCH_21,PCH_33,PCH_23,PCH_10"
1405,"PCH_13,PCH_31,PCH_17,PCH_15,PCH_1,PCH_5,PCH_34,PCH_27,PCH_4"
1406,"PCH_34,PCH_27,PCH_1,PCH_23,PCH_33"
1407,"PCH_24,PCH_14,PCH_33,PCH_23"
1408,"PCH_34,PCH_31"
1409,"PCH_35,PCH_17,PCH_32,PCH_10,PCH_23,PCH_18,PCH_9,PCH_14,PCH_6"
1410,"PCH_12,PCH_26,PCH_6,PCH_27,PCH_18,PCH_1,PCH_21,PCH_14,PCH_25"
1411,"PCH_5,PCH_14,PCH_4,PCH_18,PCH_3,PCH_31"
1412,"PCH_27,PCH_8,PCH_25,PCH_29,PCH_10,PCH_7,PCH_2,PCH_18"
1413,"PCH_26,PCH_33,PCH_16,PCH_13,PCH_32,PCH_1,PCH_18,PCH_22,PCH_25"
1414,"PCH_2,PCH_30,PCH_10,PCH_15,PCH_19,PCH_34,PCH_18,PCH_17,PCH_21,PCH_3"
1415,"PCH_23,PCH_4,PCH_17,PCH_5,PCH_15,PCH_9,PCH_7,PCH_16,PCH_26"
1416,"PCH_21,PCH_16,PCH_15,PCH_11"
1417,"PCH_25,PCH_2,PCH_10,PCH_26,PCH_8"
1418,"PCH_6,PCH_2,PCH_21,PCH_17,PCH_26,PCH_14"
1419,"PCH_21,PCH_33,PCH_7"
1420,"PCH_22,PCH_2,PCH_18,PCH_11,PCH_16"
1421,"PCH_20,PCH_34,PCH_29,PCH_21,PCH_32,PCH_12"
1422,"PCH_3,PCH_35,PCH_25,PCH_31,PCH_15,PCH_30"
1423,"PCH_16,PCH_15,PCH_30,PCH_25,PCH_14,PCH_31,PCH_21"
1424,"PCH_29,PCH_7,PCH_30,PCH_9,PCH_4,PCH_5"
1425,"PCH_5,PCH_23,PCH_25,PCH_1,PCH_32,PCH_19,PCH_2,PCH_4"
1426,"PCH_24,PCH_27,PCH_14,PCH_20,PCH_30"
1427,"PCH_28,PCH_33,PCH_26,PCH_6"
1428,"PCH_34,PCH_1,PCH_22,PCH_35,PCH_13,PCH_33,PCH_3,PCH_28,PCH_29,PCH_30"
1429,"PCH_34,PCH_12,PCH_31,PCH_17,PCH_26,PCH_18,PCH_2"
1430,"PCH_9,PCH_33"
1431,"PCH_10,PCH_31,PCH_9,PCH_16,PCH_5,PCH_29,PCH_25,PCH_17,PCH_19"
1432,"PCH_33,PCH_26,PCH_20,PCH_16,PCH_9,PCH_18"
1433,"PCH_16,PCH_27,PCH_5,PCH_19,PCH_6,PCH_7"
1434,"PCH_16,PCH_19,PCH_14,PCH_17,PCH_10,PCH_29"
1435,"PCH_34,PCH_29,PCH_7"
1436,"PCH_14,PCH_10,PCH_17,PCH_35"
1437,"PCH_5,PCH_29,PCH_20,PCH_33,PCH_34,PCH_13"
1438,"PCH_18,PCH_31,PCH_27"
1439,"PCH_3,PCH_29,PCH_27"
1440,"PCH_7,PCH_13,PCH_12,PCH_9,PCH_11,PCH_33,PCH_17,PCH_28"
1441,"PCH_28,PCH_15,PCH_33,PCH_21,PCH_26,PCH_34,PCH_14"
1442,"PCH_32,PCH_6,PCH_27,PCH_5,PCH_18,PCH_20,PCH_16"
1443,"PCH_30,PCH_29,PCH_23,PCH_3,PCH_20,PCH_12,PCH_33,PCH_19,PCH_24,PCH_26"
1444,"PCH_31,PCH_32,PCH_1,PCH_35,PCH_34,PCH_19,PCH_2,PCH_4,PCH_26,PCH_5"
1445,"PCH_32,PCH_3,PCH_7,PCH_6"
1446,"PCH_5,PCH_30,PCH_26,PCH_34,PCH_2,PCH_32,PCH_9"
1447,"PCH_33,PCH_26,PCH_6,PCH_32"
1448,"PCH_23,PCH_4,PCH_10,PCH_15,PCH_16,PCH_9"
1449,"PCH_7,PCH_20,PCH_35,PCH_27"
1450,"PCH_24,PCH_5,PCH_25,PCH_16,PCH_27,PCH_6,PCH_3,PCH_13,PCH_9,PCH_7"
1451,"PCH_2,PCH_8"
1452,"PCH_27,PCH_9,PCH_33"
1453,"PCH_2,PCH_9,PCH_7,PCH_18,PCH_27,PCH_6,PCH_4"
1454,"PCH_11,PCH_15"
1455,"PCH_4,PCH_7"
1456,"PCH_30,PCH_6"
1457,"PCH_32,PCH_12,PCH_7,PCH_23,PCH_27,PCH_6"
1458,"PCH_21,PCH_34,PCH_17,PCH_9,PCH_19,PCH_28,PCH_18,PCH_31,PCH_26"
1459,"PCH_2,PCH_31,PCH_25,PCH_26"
1460,"PCH_16,PCH_34,PCH_27,PCH_2,PCH_15,PCH_9,PCH_30,PCH_24"
1461,"PCH_18,PCH_12,PCH_26,PCH_16,PCH_9,PCH_20,PCH_33,PCH_27"
1462,"PCH_28,PCH_20,PCH_8,PCH_9,PCH_15"
1463,"PCH_15,PCH_33,PCH_7,PCH_2"
1464,"PCH_20,PCH_1"
1465,"PCH_27,PCH_32"
1466,"PCH_18,PCH_20,PCH_14,PCH_4,PCH_32,PCH_5,PCH_21,PCH_16"
1467,"PCH_12,PCH_14,PCH_2,PCH_35,PCH_30"
1468,"PCH_34,PCH_4,PCH_9,PCH_18,PCH_25,PCH_12,PCH_22,PCH_17,PCH_10,PCH_28"
1469,"PCH_28,PCH_20,PCH_30,PCH_3,PCH_23,PCH_5,PCH_35,PCH_15,PCH_26"
1470,"PCH_7,PCH_18"
1471,"PCH_11,PCH_12,PCH_34,PCH_32,PCH_21,PCH_27,PCH_24,PCH_33,PCH_35,PCH_30"
1472,"PCH_20,PCH_8,PCH_15,PCH_9"
1473,"PCH_9,PCH_15,PCH_33,PCH_1,PCH_3,PCH_10,PCH_7,PCH_22,PCH_34"
1474,"PCH_20,PCH_19,PCH_9,PCH_35,PCH_29,PCH_2,PCH_23,PCH_5,PCH_27"
1475,"PCH_10,PCH_35,PCH_30,PCH_15,PCH_4,PCH_21"
1476,"PCH_13,PCH_14,PCH_4,PCH_6,PCH_3"
1477,"PCH_24,PCH_27"
1478,"PCH_16,PCH_9"
1479,"PCH_9,PCH_6,PCH_7,PCH_26,PCH_22,PCH_27"
1480,"PCH_6,PCH_4,PCH_20,PCH_17,PCH_29,PCH_33"
1481,"PCH_26,PCH_20,PCH_28,PCH_30,PCH_4,PCH_35"
1482,"PCH_1,PCH_11"
1483,"PCH_15,PCH_18"
1484,"PCH_10,PCH_30,PCH_20,PCH_21"
1485,"PCH_4,PCH_27"
1486,"PCH_3,PCH_10,PCH_9,PCH_8,PCH_33,PCH_24"
1487,"PCH_12,PCH_2,PCH_33"
1488,"PCH_32,PCH_10,PCH_28"
1489,"PCH_29,PCH_28"
1490,"PCH_28,PCH_25,PCH_5,PCH_23,PCH_33,PCH_19,PCH_7,PCH_31,PCH_27"
1491,"PCH_29,PCH_30,PCH_28,PCH_33,PCH_32,PCH_6"
1492,"PCH_14,PCH_2"
1493,"PCH_28,PCH_27,PCH_26,PCH_20,PCH_19"
1494,"PCH_25,PCH_8,PCH_29,PCH_24,PCH_6,PCH_5,PCH_32,PCH_20,PCH_34,PCH_31"
1495,"PCH_7,PCH_26,PCH_10"
1496,"PCH_11,PCH_26,PCH_14,PCH_20,PCH_10,PCH_22"
1497,"PCH_14,PCH_29,PCH_34,PCH_1,PCH_28,PCH_4,PCH_12,PCH_23,PCH_22,PCH_31"
1498,"PCH_2,PCH_16,PCH_33"
1499,"PCH_31,PCH_24,PCH_15,PCH_1,PCH_17,PCH_2,PCH_18,PCH_5"
1500,"PCH_33,PCH_1,PCH_34,PCH_29,PCH_17,PCH_32,PCH_10,PCH_25,PCH_15,PCH_16"
1501,"PCH_32,PCH_11,PCH_2,PCH_7,PCH_12,PCH_18,PCH_34"
1502,"PCH_2,PCH_35,PCH_25,PCH_16,PCH_6,PCH_10,PCH_32,PCH_5,PCH_29,PCH_11"
1503,"PCH_16,PCH_19,PCH_14,PCH_7,PCH_31,PCH_21,PCH_13,PCH_10,PCH_34,PCH_15"
1504,"PCH_29,PCH_10,PCH_11,PCH_28,PCH_17,PCH_32,PCH_6,PCH_8,PCH_13,PCH_23"
1505,"PCH_20,PCH_23,PCH_32,PCH_26,PCH_25"
1506,"PCH_8,PCH_3,PCH_15"
1507,"PCH_1,PCH_24,PCH_28,PCH_22,PCH_26,PCH_25,PCH_30"
1508,"PCH_17,PCH_29,PCH_7,PCH_16,PCH_1,PCH_3,PCH_25,PCH_33"
1509,"PCH_11,PCH_32"
1510,"PCH_33,PCH_5,PCH_2,PCH_10,PCH_29,PCH_35,PCH_13,PCH_14,PCH_7,PCH_11"
1511,"PCH_26,PCH_13,PCH_27"
1512,"PCH_8,PCH_23,PCH_33,PCH_17,PCH_14,PCH_6,PCH_27,PCH_9"
1513,"PCH_12,PCH_32,PCH_4,PCH_20,PCH_30,PCH_26"
1514,"PCH_7,PCH_6,PCH_14"
1515,"PCH_28,PCH_17,PCH_11,PCH_18"
1516,"PCH_28,PCH_34"
1517,"PCH_33,PCH_10,PCH_23,PCH_15,PCH_2,PCH_32,PCH_3,PCH_13,PCH_20,PCH_29"
1518,"PCH_28,PCH_19"
1519,"PCH_25,PCH_32,PCH_5,PCH_18,PCH_4,PCH_31"
1520,"PCH_14,PCH_33"
1521,"PCH_1,PCH_21,PCH_26,PCH_13,PCH_20,PCH_29,PCH_3,PCH_25,PCH_33,PCH_23"
1522,"PCH_18,PCH_20,PCH_30,PCH_21,PCH_2,PCH_9,PCH_7,PCH_22,PCH_31,PCH_11"
1523,"PCH_22,PCH_35,PCH_17"
1524,"PCH_13,PCH_14,PCH_21,PCH_26"
1525,"PCH_16,PCH_35,PCH_20,PCH_31,PCH_34,PCH_10,PCH_11"
1526,"PCH_12,PCH_29"
1527,"PCH_33,PCH_14"
1528,"PCH_21,PCH_19"
1529,"PCH_1,PCH_19,PCH_29,PCH_13,PCH_14,PCH_6,PCH_3"
1530,"PCH_13,PCH_8,PCH_27,PCH_26,PCH_32,PCH_21,PCH_29"
1531,"PCH_9,PCH_16,PCH_2,PCH_29,PCH_12,PCH_14,PCH_21,PCH_22"
1532,"PCH_26,PCH_4,PCH_2,PCH_6,PCH_17"
1533,"PCH_9,PCH_26,PCH_31,PCH_1,PCH_28,PCH_32,PCH_22,PCH_16,PCH_30"
1534,"PCH_8,PCH_4,PCH_5"
1535,"PCH_12,PCH_10,PCH_17,PCH_35,PCH_23,PCH_14,PCH_19"
1536,"PCH_24,PCH_21,PCH_6,PCH_2,PCH_32,PCH_15"
1537,"PCH_30,PCH_15,PCH_12,PCH_2"
1538,"PCH_13,PCH_9,PCH_27,PCH_17,PCH_26,PCH_5,PCH_21,PCH_34,PCH_8"
1539,"PCH_32,PCH_2,PCH_9,PCH_11,PCH_7,PCH_10,PCH_5,PCH_30,PCH_3"
1540,"PCH_5,PCH_23,PCH_19,PCH_33"
1541,"PCH_8,PCH_24,PCH_18"
1542,"PCH_28,PCH_31,PCH_34,PCH_35,PCH_7,PCH_9,PCH_1"
1543,"PCH_14,PCH_9"
1544,"PCH_3,PCH_25,PCH_9,PCH_31,PCH_15,PCH_28,PCH_17"
1545,"PCH_10,PCH_17,PCH_2,PCH_3,PCH_5"
1546,"PCH_12,PCH_17"
1547,"PCH_23,PCH_25"
1548,"PCH_19,PCH_1,PCH_12,PCH_25,PCH_14,PCH_29,PCH_22,PCH_10"
1549,"PCH_1,PCH_17,PCH_5,PCH_23"
1550,"PCH_21,PCH_28,PCH_24,PCH_27,PCH_32,PCH_7,PCH_23,PCH_17,PCH_5"
1551,"PCH_4,PCH_27,PCH_11,PCH_26,PCH_17,PCH_21,PCH_29,PCH_7,PCH_24,PCH_33"
1552,"PCH_16,PCH_10,PCH_20"
1553,"PCH_35,PCH_4,PCH_10,PCH_21"
1554,"PCH_7,PCH_26"
1555,"PCH_15,PCH_32,PCH_29,PCH_24,PCH_18,PCH_31,PCH_6,PCH_26"
1556,"PCH_14,PCH_26,PCH_4,PCH_23,PCH_28"
1557,"PCH_12,PCH_22,PCH_25,PCH_13,PCH_2"
1558,"PCH_26,PCH_5,PCH_2,PCH_19,PCH_33,PCH_27,PCH_18,PCH_35,PCH_22,PCH_34"
1559,"PCH_33,PCH_2,PCH_27,PCH_34,PCH_32,PCH_8,PCH_14,PCH_13,PCH_9"
1560,"PCH_29,PCH_25,PCH_31,PCH_2"
1561,"PCH_16,PCH_19,PCH_34"
1562,"PCH_20,PCH_24,PCH_34"
1563,"PCH_2,PCH_21,PCH_24"
1564,"PCH_13,PCH_5,PCH_17,PCH_22,PCH_11,PCH_25,PCH_29"
1565,"PCH_23,PCH_24,PCH_22,PCH_14,PCH_9,PCH_7,PCH_13,PCH_20,PCH_19,PCH_32"
1566,"PCH_20,PCH_19,PCH_2,PCH_31,PCH_34,PCH_10,PCH_5,PCH_1,PCH_30"
1567,"PCH_23,PCH_4,PCH_13,PCH_25,PCH_27,PCH_11,PCH_5,PCH_20,PCH_31"
1568,"PCH_4,PCH_28,PCH_8,PCH_29,PCH_25,PCH_27,PCH_17"
1569,"PCH_32,PCH_14,PCH_23,PCH_31,PCH_18,PCH_24,PCH_11,PCH_9,PCH_3,PCH_25"
1570,"PCH_33,PCH_32,PCH_24,PCH_30,PCH_12,PCH_18"
1571,"PCH_31,PCH_10,PCH_25,PCH_12,PCH_3,PCH_23,PCH_4,PCH_11,PCH_19"
1572,"PCH_34,PCH_12,PCH_30,PCH_27,PCH_4,PCH_19,PCH_29"
1573,"PCH_5,PCH_12,PCH_34,PCH_7"
1574,"PCH_8,PCH_18"
1575,"PCH_1,PCH_21,PCH_23,PCH_2"
1576,"PCH_24,PCH_16,PCH_21,PCH_33,PCH_5,PCH_15,PCH_4,PCH_7,PCH_30,PCH_3"
1577,"PCH_3,PCH_14,PCH_20,PCH_29,PCH_7,PCH_8,PCH_4,PCH_13,PCH_10"
1578,"PCH_34,PCH_26,PCH_22,PCH_1,PCH_21"
1579,"PCH_7,PCH_5,PCH_20,PCH_3,PCH_4,PCH_31,PCH_35,PCH_6"
1580,"PCH_32,PCH_6,PCH_3,PCH_15"
1581,"PCH_22,PCH_10"
1582,"PCH_23,PCH_30,PCH_1,PCH_19,PCH_14,PCH_35,PCH_6,PCH_33,PCH_11,PCH_12"
1583,"PCH_13,PCH_27,PCH_28,PCH_21,PCH_29"
1584,"PCH_6,PCH_20,PCH_27,PCH_7,PCH_18,PCH_16,PCH_1,PCH_15"
1585,"PCH_21,PCH_30,PCH_25,PCH_31,PCH_24,PCH_1,PCH_11,PCH_19,PCH_13"
1586,"PCH_28,PCH_29,PCH_4,PCH_35,PCH_26"
1587,"PCH_35,PCH_33"
1588,"PCH_34,PCH_18,PCH_29,PCH_16,PCH_4,PCH_28,PCH_6"
1589,"PCH_14,PCH_19,PCH_34,PCH_33,PCH_23,PCH_30,PCH_13"
1590,"PCH_17,PCH_9,PCH_5,PCH_32,PCH_11"
1591,"PCH_21,PCH_18,PCH_17,PCH_12,PCH_10"
1592,"PCH_26,PCH_28"
1593,"PCH_20,PCH_29,PCH_5,PCH_19,PCH_7,PCH_23,PCH_25"
1594,"PCH_3,PCH_26,PCH_17,PCH_33,PCH_18,PCH_10,PCH_7,PCH_29,PCH_14,PCH_35"
1595,"PCH_10,PCH_33,PCH_30,PCH_28,PCH_24,PCH_22,PCH_6,PCH_23"
1596,"PCH_6,PCH_13,PCH_30"
1597,"PCH_3,PCH_28,PCH_17,PCH_8,PCH_20"
1598,"PCH_20,PCH_8,PCH_9,PCH_16,PCH_31,PCH_3,PCH_19,PCH_33,PCH_34,PCH_5"
1599,"PCH_6,PCH_25,PCH_29,PCH_14"
1600,"PCH_34,PCH_5,PCH_28"
1601,"PCH_28,PCH_1,PCH_23,PCH_16,PCH_12,PCH_22,PCH_33,PCH_9,PCH_15,PCH_11"
1602,"PCH_7,PCH_11"
1603,"PCH_18,PCH_7,PCH_1,PCH_15,PCH_25"
1604,"PCH_19,PCH_25,PCH_24,PCH_30,PCH_1,PCH_16,PCH_3,PCH_31,PCH_6"
1605,"PCH_15,PCH_2,PCH_4,PCH_11"
1606,"PCH_29,PCH_5,PCH_12"
1607,"PCH_26,PCH_17,PCH_3,PCH_22,PCH_30,PCH_32,PCH_15,PCH_28"
1608,"PCH_9,PCH_35,PCH_6,PCH_11,PCH_23,PCH_22,PCH_15,PCH_13,PCH_5"
1609,"PCH_12,PCH_19,PCH_34"
1610,"PCH_30,PCH_16,PCH_2,PCH_33"
1611,"PCH_29,PCH_22,PCH_30,PCH_27,PCH_28"
1612,"PCH_30,PCH_35,PCH_2,PCH_14,PCH_4,PCH_12,PCH_19,PCH_1,PCH_17"
1613,"PCH_30,PCH_4,PCH_1,PCH_26,PCH_21,PCH_29,PCH_27,PCH_17,PCH_2"
1614,"PCH_19,PCH_21"
1615,"PCH_7,PCH_28,PCH_24,PCH_3,PCH_10,PCH_25,PCH_33,PCH_2,PCH_12,PCH_5"
1616,"PCH_29,PCH_28,PCH_19,PCH_25,PCH_8,PCH_33,PCH_15,PCH_22"
1617,"PCH_27,PCH_11,PCH_16,PCH_14,PCH_2"
1618,"PCH_30,PCH_1,PCH_9,PCH_13"
1619,"PCH_8,PCH_18,PCH_4,PCH_17,PCH_11,PCH_23"
1620,"PCH_8,PCH_19,PCH_28,PCH_35"
1621,"PCH_8,PCH_35,PCH_26,PCH_33,PCH_11,PCH_16,PCH_19,PCH_7"
1622,"PCH_28,PCH_31,PCH_10,PCH_20,PCH_24,PCH_17"
1623,"PCH_30,PCH_24,PCH_15,PCH_25,PCH_31,PCH_16,PCH_29,PCH_4,PCH_5"
1624,"PCH_19,PCH_34,PCH_33,PCH_30,PCH_4,PCH_31,PCH_20"
1625,"PCH_19,PCH_6"
1626,"PCH_30,PCH_25,PCH_17,PCH_34,PCH_18,PCH_31,PCH_28,PCH_15,PCH_23"
1627,"PCH_10,PCH_28,PCH_16,PCH_12,PCH_6,PCH_25,PCH_8,PCH_1,PCH_34"
1628,"PCH_8,PCH_28,PCH_23,PCH_9,PCH_20,PCH_15,PCH_19,PCH_21"
1629,"PCH_26,PCH_18,PCH_29,PCH_21"
1630,"PCH_9,PCH_28,PCH_23,PCH_34,PCH_26,PCH_30,PCH_11,PCH_35"
1631,"PCH_8,PCH_3,PCH_2,PCH_29,PCH_35"
1632,"PCH_31,PCH_16,PCH_24,PCH_13,PCH_23,PCH_27,PCH_17,PCH_6"
1633,"PCH_14,PCH_35,PCH_30,PCH_3,PCH_2,PCH_8,PCH_22,PCH_25,PCH_15,PCH_26"
1634,"PCH_30,PCH_25"
1635,"PCH_14,PCH_28,PCH_18"
1636,"PCH_11,PCH_13,PCH_23,PCH_32,PCH_27,PCH_22,PCH_34"
1637,"PCH_31,PCH_17,PCH_11,PCH_24,PCH_30,PCH_32"
1638,"PCH_32,PCH_12,PCH_3,PCH_4,PCH_26,PCH_31"
1639,"PCH_33,PCH_1,PCH_23,PCH_34,PCH_13,PCH_20,PCH_12,PCH_19"
1640,"PCH_15,PCH_26,PCH_31,PCH_9"
1641,"PCH_18,PCH_29,PCH_27"
1642,"PCH_21,PCH_30,PCH_17,PCH_31,PCH_5,PCH_16,PCH_27,PCH_35"
1643,"PCH_15,PCH_24,PCH_5,PCH_29"
1644,"PCH_26,PCH_2"
1645,"PCH_2,PCH_35,PCH_4,PCH_19,PCH_18,PCH_20,PCH_33,PCH_1,PCH_14"
1646,"PCH_34,PCH_18"
1647,"PCH_29,PCH_16,PCH_10,PCH_18,PCH_28,PCH_33,PCH_2,PCH_12,PCH_35,PCH_19"
1648,"PCH_1,PCH_14"
1649,"PCH_30,PCH_14,PCH_9,PCH_18,PCH_34,PCH_4"
1650,"PCH_29,PCH_9,PCH_23,PCH_2"
1651,"PCH_8,PCH_12,PCH_19,PCH_11,PCH_20,PCH_35"
1652,"PCH_13,PCH_33,PCH_22,PCH_12"
1653,"PCH_28,PCH_13,PCH_7,PCH_18,PCH_30,PCH_27,PCH_2"
1654,"PCH_35,PCH_34,PCH_20,PCH_3,PCH_29,PCH_17,PCH_1,PCH_31,PCH_14,PCH_9"
1655,"PCH_33,PCH_10,PCH_7,PCH_15,PCH_31,PCH_6,PCH_12"
1656,"PCH_2,PCH_11,PCH_31,PCH_3,PCH_10,PCH_17,PCH_5,PCH_16,PCH_20,PCH_32"
1657,"PCH_14,PCH_16,PCH_3,PCH_35,PCH_6,PCH_26,PCH_23,PCH_15,PCH_33,PCH_18"
1658,"PCH_2,PCH_14,PCH_15,PCH_29,PCH_34,PCH_10,PCH_1"
1659,"PCH_28,PCH_13,PCH_22"
1660,"PCH_24,PCH_14"
1661,"PCH_24,PCH_16,PCH_12,PCH_21,PCH_22"
1662,"PCH_30,PCH_34,PCH_21,PCH_1,PCH_27,PCH_6,PCH_10,PCH_18,PCH_2,PCH_16"
1663,"PCH_19,PCH_15,PCH_11,PCH_32,PCH_10,PCH_17,PCH_6,PCH_29,PCH_12,PCH_33"
1664,"PCH_9,PCH_14,PCH_30,PCH_15,PCH_19,PCH_18,PCH_7,PCH_23,PCH_25"
1665,"PCH_14,PCH_34"
1666,"PCH_19,PCH_24"
1667,"PCH_26,PCH_2,PCH_23"
1668,"PCH_8,PCH_2,PCH_35,PCH_21,PCH_22,PCH_3,PCH_4"
1669,"PCH_12,PCH_9,PCH_7,PCH_15,PCH_22,PCH_34,PCH_18,PCH_29,PCH_2,PCH_14"
1670,"PCH_35,PCH_26,PCH_32,PCH_6,PCH_14,PCH_20,PCH_12"
1671,"PCH_11,PCH_26"
1672,"PCH_22,PCH_32,PCH_11,PCH_12,PCH_8,PCH_23,PCH_27"
1673,"PCH_14,PCH_8,PCH_18,PCH_22,PCH_15,PCH_2,PCH_19,PCH_7"
1674,"PCH_8,PCH_35,PCH_7,PCH_4,PCH_26,PCH_25"
1675,"PCH_23,PCH_2,PCH_30"
1676,"PCH_5,PCH_15,PCH_6"
1677,"PCH_2,PCH_13,PCH_27,PCH_3"
1678,"PCH_27,PCH_26,PCH_4"
1679,"PCH_8,PCH_1,PCH_18,PCH_4,PCH_35"
1680,"PCH_3,PCH_32,PCH_6,PCH_2,PCH_35,PCH_5,PCH_10,PCH_30"
1681,"PCH_12,PCH_8,PCH_1,PCH_10,PCH_26,PCH_21,PCH_23,PCH_32,PCH_27"
1682,"PCH_20,PCH_33,PCH_5,PCH_1,PCH_34,PCH_10,PCH_22,PCH_14,PCH_3"
1683,"PCH_1,PCH_25"
1684,"PCH_13,PCH_28,PCH_32,PCH_7,PCH_16,PCH_3,PCH_26"
1685,"PCH_12,PCH_25,PCH_17,PCH_33,PCH_2"
1686,"PCH_5,PCH_17,PCH_1,PCH_11"
1687,"PCH_1,PCH_22,PCH_12,PCH_18,PCH_15"
1688,"PCH_34,PCH_5,PCH_32,PCH_19,PCH_17"
1689,"PCH_4,PCH_1,PCH_30,PCH_34,PCH_33,PCH_3,PCH_10,PCH_11"
1690,"PCH_21,PCH_23,PCH_28,PCH_10,PCH_3"
1691,"PCH_22,PCH_29,PCH_17,PCH_32,PCH_12,PCH_13,PCH_15,PCH_19,PCH_31,PCH_35"
1692,"PCH_31,PCH_21,PCH_20,PCH_32"
1693,"PCH_12,PCH_35,PCH_21,PCH_16,PCH_5,PCH_18,PCH_30,PCH_33,PCH_27"
1694,"PCH_27,PCH_24,PCH_32,PCH_1,PCH_8,PCH_3,PCH_14,PCH_35,PCH_4"
1695,"PCH_17,PCH_35,PCH_22"
1696,"PCH_11,PCH_27,PCH_17,PCH_1,PCH_16,PCH_30,PCH_5,PCH_15"
1697,"PCH_7,PCH_1,PCH_18,PCH_5,PCH_3,PCH_31,PCH_29"
1698,"PCH_34,PCH_2,PCH_16,PCH_8,PCH_26,PCH_35"
1699,"PCH_35,PCH_11,PCH_7,PCH_8,PCH_29,PCH_2,PCH_5"
1700,"PCH_30,PCH_16,PCH_3"
1701,"PCH_22,PCH_6,PCH_20"
1702,"PCH_17,PCH_5,PCH_27,PCH_19,PCH_8,PCH_31,PCH_20,PCH_22,PCH_30"
1703,"PCH_7,PCH_23"
1704,"PCH_15,PCH_21,PCH_25,PCH_5,PCH_13,PCH_30,PCH_34,PCH_14,PCH_29,PCH_32"
1705,"PCH_21,PCH_4,PCH_31,PCH_30,PCH_25,PCH_7,PCH_20"
1706,"PCH_17,PCH_3,PCH_23,PCH_10,PCH_33,PCH_8,PCH_2"
1707,"PCH_18,PCH_26,PCH_15,PCH_8,PCH_21,PCH_17,PCH_24,PCH_20,PCH_6"
1708,"PCH_30,PCH_1,PCH_3,PCH_9,PCH_32,PCH_17,PCH_35,PCH_33"
1709,"PCH_34,PCH_4,PCH_5"
1710,"PCH_15,PCH_28,PCH_16,PCH_11,PCH_1,PCH_14,PCH_25,PCH_12,PCH_9,PCH_7"
1711,"PCH_16,PCH_3,PCH_24,PCH_33,PCH_17,PCH_30,PCH_35,PCH_34,PCH_18"
1712,"PCH_22,PCH_7,PCH_27,PCH_32,PCH_9,PCH_34,PCH_28,PCH_24"
1713,"PCH_28,PCH_6,PCH_8,PCH_15,PCH_14,PCH_12,PCH_21,PCH_26"
1714,"PCH_16,PCH_2,PCH_24,PCH_27"
1715,"PCH_7,PCH_10,PCH_25,PCH_8,PCH_22"
1716,"PCH_6,PCH_3,PCH_19,PCH_24,PCH_32,PCH_17,PCH_33,PCH_28,PCH_12"
1717,"PCH_31,PCH_19,PCH_4,PCH_29"
1718,"PCH_2,PCH_33,PCH_31,PCH_16,PCH_20,PCH_23,PCH_29,PCH_12"
1719,"PCH_33,PCH_13,PCH_2,PCH_34,PCH_17"
1720,"PCH_11,PCH_13,PCH_27,PCH_20,PCH_23,PCH_22,PCH_9,PCH_2,PCH_29"
1721,"PCH_1,PCH_20,PCH_17,PCH_2,PCH_8,PCH_19,PCH_25,PCH_30,PCH_6,PCH_22"
1722,"PCH_6,PCH_9,PCH_29"
1723,"PCH_12,PCH_15,PCH_13,PCH_17,PCH_23,PCH_32,PCH_19,PCH_29"
1724,"PCH_19,PCH_28,PCH_8"
1725,"PCH_31,PCH_1"
1726,"PCH_16,PCH_6,PCH_28"
1727,"PCH_14,PCH_26,PCH_8,PCH_29,PCH_18,PCH_27,PCH_22,PCH_3,PCH_10,PCH_33"
1728,"PCH_12,PCH_2,PCH_3,PCH_9,PCH_19,PCH_30,PCH_29,PCH_7"
1729,"PCH_28,PCH_29,PCH_21,PCH_3"
1730,"PCH_10,PCH_16,PCH_15,PCH_35,PCH_7,PCH_13,PCH_18,PCH_32,PCH_26,PCH_1"
1731,"PCH_7,PCH_14,PCH_24,PCH_29,PCH_27,PCH_32,PCH_16,PCH_10,PCH_17,PCH_26"
1732,"PCH_23,PCH_26,PCH_6,PCH_35,PCH_18"
1733,"PCH_8,PCH_23,PCH_6,PCH_34,PCH_13,PCH_25,PCH_16,PCH_4"
1734,"PCH_22,PCH_10,PCH_24,PCH_4,PCH_17,PCH_21"
1735,"PCH_1,PCH_8,PCH_19"
1736,"PCH_8,PCH_18,PCH_12,PCH_2,PCH_34,PCH_27,PCH_14,PCH_22,PCH_16"
1737,"PCH_29,PCH_2,PCH_26,PCH_13,PCH_11,PCH_6,PCH_35,PCH_25,PCH_34"
1738,"PCH_9,PCH_35,PCH_18,PCH_21,PCH_11,PCH_22,PCH_28,PCH_32,PCH_33,PCH_8"
1739,"PCH_25,PCH_22"
1740,"PCH_6,PCH_18,PCH_14,PCH_24,PCH_33"
1741,"PCH_6,PCH_34,PCH_12,PCH_5,PCH_32"
1742,"PCH_8,PCH_34,PCH_26,PCH_10"
1743,"PCH_33,PCH_19,PCH_9,PCH_24,PCH_10"
1744,"PCH_7,PCH_31,PCH_19,PCH_21,PCH_2,PCH_29,PCH_18,PCH_28,PCH_16,PCH_24"
1745,"PCH_3,PCH_14,PCH_5,PCH_4"
1746,"PCH_28,PCH_25,PCH_10,PCH_34,PCH_29,PCH_35,PCH_17,PCH_24,PCH_32"
1747,"PCH_20,PCH_11,PCH_1,PCH_10,PCH_14,PCH_6,PCH_9"
1748,"PCH_17,PCH_24"
1749,"PCH_3,PCH_26"
1750,"PCH_24,PCH_1,PCH_29,PCH_23,PCH_2,PCH_25,PCH_21,PCH_15,PCH_9,PCH_32"
1751,"PCH_26,PCH_31"
1752,"PCH_1,PCH_25,PCH_31,PCH_24,PCH_9,PCH_32,PCH_26,PCH_18"
1753,"PCH_30,PCH_5"
1754,"PCH_4,PCH_9,PCH_22,PCH_12,PCH_32,PCH_17,PCH_26,PCH_21,PCH_28"
1755,"PCH_31,PCH_16,PCH_33,PCH_4,PCH_28,PCH_32,PCH_11,PCH_34,PCH_24"
1756,"PCH_2,PCH_18,PCH_8,PCH_34,PCH_20,PCH_5"
1757,"PCH_27,PCH_17,PCH_33,PCH_1,PCH_11,PCH_24,PCH_4,PCH_29,PCH_34"
1758,"PCH_18,PCH_9,PCH_4,PCH_12,PCH_16"
1759,"PCH_28,PCH_17,PCH_1"
1760,"PCH_35,PCH_7"
1761,"PCH_26,PCH_22,PCH_20,PCH_14,PCH_8,PCH_6,PCH_16,PCH_33,PCH_28,PCH_5"
1762,"PCH_15,PCH_10,PCH_29,PCH_33,PCH_20,PCH_17,PCH_32,PCH_26,PCH_7"
1763,"PCH_27,PCH_19,PCH_12"
1764,"PCH_35,PCH_17,PCH_4"
1765,"PCH_4,PCH_18,PCH_12,PCH_14,PCH_2,PCH_32,PCH_29,PCH_21"
1766,"PCH_2,PCH_5"
1767,"PCH_33,PCH_15,PCH_23,PCH_29"
1768,"PCH_35,PCH_26,PCH_4,PCH_21,PCH_6,PCH_29,PCH_1,PCH_19,PCH_12"
1769,"PCH_34,PCH_7,PCH_2,PCH_8"
1770,"PCH_32,PCH_13"
1771,"PCH_16,PCH_29,PCH_28,PCH_24,PCH_30"
1772,"PCH_24,PCH_28,PCH_7,PCH_3,PCH_17,PCH_2,PCH_12,PCH_29,PCH_1"
1773,"PCH_22,PCH_23,PCH_27"
1774,"PCH_32,PCH_24,PCH_4"
1775,"PCH_34,PCH_23,PCH_26,PCH_22,PCH_15"
1776,"PCH_22,PCH_10,PCH_20,PCH_25"
1777,"PCH_11,PCH_17,PCH_6,PCH_28,PCH_35,PCH_9,PCH_27"
1778,"PCH_32,PCH_29,PCH_17,PCH_7,PCH_6"
1779,"PCH_22,PCH_7"
1780,"PCH_26,PCH_8,PCH_22,PCH_2,PCH_20,PCH_10,PCH_19"
1781,"PCH_5,PCH_7,PCH_1,PCH_10,PCH_19,PCH_16,PCH_25,PCH_6"
1782,"PCH_16,PCH_21"
1783,"PCH_20,PCH_9,PCH_34,PCH_31,PCH_3,PCH_35,PCH_29"
1784,"PCH_9,PCH_17,PCH_24,PCH_14,PCH_19,PCH_6,PCH_22,PCH_8"
1785,"PCH_29,PCH_4,PCH_14,PCH_13,PCH_32,PCH_31,PCH_10"
1786,"PCH_3,PCH_6,PCH_32,PCH_22,PCH_5,PCH_13"
1787,"PCH_35,PCH_28,PCH_29,PCH_8,PCH_23,PCH_22,PCH_31,PCH_4,PCH_32"
1788,"PCH_35,PCH_27,PCH_29,PCH_13,PCH_31,PCH_26,PCH_1,PCH_5,PCH_18,PCH_33"
1789,"PCH_25,PCH_16,PCH_5,PCH_10,PCH_31,PCH_6"
1790,"PCH_5,PCH_24,PCH_32,PCH_15,PCH_19,PCH_11,PCH_27,PCH_22,PCH_10"
1791,"PCH_13,PCH_19,PCH_7"
1792,"PCH_3,PCH_4,PCH_14,PCH_27,PCH_2,PCH_12,PCH_16,PCH_5"
1793,"PCH_7,PCH_1,PCH_6,PCH_28,PCH_22"
1794,"PCH_4,PCH_9,PCH_32,PCH_19,PCH_5,PCH_33,PCH_27,PCH_24"
1795,"PCH_25,PCH_30,PCH_15,PCH_34,PCH_23"
1796,"PCH_15,PCH_3,PCH_14,PCH_30,PCH_19,PCH_31"
1797,"PCH_16,PCH_27,PCH_23,PCH_9,PCH_20,PCH_7"
1798,"PCH_32,PCH_23,PCH_30,PCH_21"
1799,"PCH_6,PCH_12,PCH_5,PCH_8,PCH_13,PCH_28,PCH_27,PCH_34"
1800,"PCH_24,PCH_33,PCH_13,PCH_31,PCH_17,PCH_5,PCH_32"
1801,"PCH_21,PCH_13,PCH_6,PCH_31,PCH_27,PCH_3,PCH_5,PCH_2"
1802,"PCH_26,PCH_9,PCH_2,PCH_5,PCH_19,PCH_20,PCH_8,PCH_15,PCH_27,PCH_22"
1803,"PCH_20,PCH_32,PCH_29,PCH_2"
1804,"PCH_27,PCH_30,PCH_21,PCH_35,PCH_1"
1805,"PCH_4,PCH_23"
1806,"PCH_11,PCH_4,PCH_8"
1807,"PCH_29,PCH_13,PCH_9"
1808,"PCH_1,PCH_12,PCH_34,PCH_7,PCH_14,PCH_10,PCH_35,PCH_4,PCH_32"
1809,"PCH_23,PCH_32,PCH_15,PCH_27,PCH_16,PCH_17,PCH_21,PCH_22"
1810,"PCH_25,PCH_11,PCH_3,PCH_16,PCH_9,PCH_1"
1811,"PCH_24,PCH_21"
1812,"PCH_7,PCH_30,PCH_17,PCH_35,PCH_34,PCH_33"
1813,"PCH_2,PCH_33,PCH_12"
1814,"PCH_32,PCH_12,PCH_19,PCH_3,PCH_6,PCH_9,PCH_8,PCH_5,PCH_16"
1815,"PCH_29,PCH_11"
1816,"PCH_8,PCH_32,PCH_33,PCH_28,PCH_19,PCH_4,PCH_2,PCH_9,PCH_22"
1817,"PCH_24,PCH_31,PCH_13,PCH_27,PCH_34,PCH_6,PCH_10,PCH_17"
1818,"PCH_25,PCH_10,PCH_33,PCH_7,PCH_11,PCH_18"
1819,"PCH_30,PCH_19,PCH_24,PCH_27,PCH_26"
1820,"PCH_14,PCH_33,PCH_10,PCH_23,PCH_7,PCH_35"
1821,"PCH_25,PCH_12,PCH_14,PCH_20,PCH_33"
1822,"PCH_15,PCH_29,PCH_7,PCH_33,PCH_9,PCH_32,PCH_35,PCH_12,PCH_10"
1823,"PCH_26,PCH_31,PCH_16,PCH_30,PCH_15,PCH_11,PCH_6,PCH_5,PCH_17,PCH_9"
1824,"PCH_27,PCH_11,PCH_8,PCH_18,PCH_4,PCH_28,PCH_6,PCH_33,PCH_20,PCH_24"
1825,"PCH_14,PCH_13,PCH_32,PCH_4,PCH_1,PCH_17,PCH_19,PCH_6,PCH_11"
1826,"PCH_10,PCH_9,PCH_1,PCH_4,PCH_15,PCH_28,PCH_13"
1827,"PCH_6,PCH_18,PCH_10,PCH_35,PCH_17,PCH_9,PCH_4"
1828,"PCH_10,PCH_20,PCH_32,PCH_13,PCH_12,PCH_5,PCH_35,PCH_11"
1829,"PCH_18,PCH_3,PCH_22,PCH_11,PCH_6,PCH_26,PCH_29,PCH_14"
1830,"PCH_22,PCH_24,PCH_25,PCH_11,PCH_32,PCH_27,PCH_31,PCH_2,PCH_5"
1831,"PCH_32,PCH_34,PCH_14,PCH_16,PCH_11,PCH_7,PCH_22,PCH_6"
1832,"PCH_14,PCH_19"
1833,"PCH_29,PCH_16,PCH_24,PCH_30"
1834,"PCH_12,PCH_30,PCH_5,PCH_33,PCH_22,PCH_23,PCH_19,PCH_8,PCH_27"
1835,"PCH_17,PCH_34,PCH_14,PCH_16,PCH_18,PCH_4,PCH_3"
1836,"PCH_35,PCH_25,PCH_3,PCH_10,PCH_22,PCH_34,PCH_13"
1837,"PCH_6,PCH_17,PCH_13,PCH_12,PCH_27,PCH_34,PCH_3,PCH_2,PCH_31"
1838,"PCH_27,PCH_23,PCH_3,PCH_8,PCH_12,PCH_20"
1839,"PCH_19,PCH_7,PCH_22,PCH_24,PCH_11"
1840,"PCH_32,PCH_26,PCH_21,PCH_6,PCH_25,PCH_27,PCH_28"
1841,"PCH_18,PCH_19,PCH_16,PCH_20,PCH_15,PCH_8,PCH_14,PCH_31,PCH_5"
1842,"PCH_6,PCH_12,PCH_14,PCH_4,PCH_31"
1843,"PCH_18,PCH_6"
1844,"PCH_34,PCH_17"
1845,"PCH_17,PCH_4,PCH_7,PCH_13"
1846,"PCH_3,PCH_15,PCH_12,PCH_35,PCH_26"
1847,"PCH_6,PCH_31,PCH_10,PCH_33,PCH_24,PCH_29,PCH_9,PCH_22,PCH_19"
1848,"PCH_24,PCH_29,PCH_7,PCH_13"
1849,"PCH_35,PCH_33,PCH_30,PCH_22,PCH_10,PCH_8,PCH_20"
1850,"PCH_10,PCH_32"
1851,"PCH_31,PCH_17,PCH_4"
1852,"PCH_35,PCH_23,PCH_1,PCH_14,PCH_13,PCH_20,PCH_30,PCH_24,PCH_9,PCH_29"
1853,"PCH_12,PCH_6"
1854,"PCH_18,PCH_10,PCH_11,PCH_21,PCH_16,PCH_25"
1855,"PCH_22,PCH_15,PCH_9,PCH_10,PCH_18,PCH_13,PCH_21,PCH_14,PCH_34,PCH_29"
1856,"PCH_19,PCH_30,PCH_1,PCH_28,PCH_17,PCH_15,PCH_12,PCH_22,PCH_9"
1857,"PCH_18,PCH_25"
1858,"PCH_1,PCH_7,PCH_17,PCH_15,PCH_26"
1859,"PCH_28,PCH_32,PCH_19,PCH_12,PCH_34"
1860,"PCH_4,PCH_18,PCH_8,PCH_14"
1861,"PCH_1,PCH_15,PCH_17,PCH_12,PCH_20,PCH_32,PCH_28,PCH_4,PCH_24,PCH_22"
1862,"PCH_13,PCH_29,PCH_14,PCH_30,PCH_35,PCH_23,PCH_18,PCH_32,PCH_9"
1863,"PCH_2,PCH_14,PCH_35,PCH_13"
1864,"PCH_32,PCH_16,PCH_30,PCH_31,PCH_15"
1865,"PCH_3,PCH_31,PCH_1"
1866,"PCH_15,PCH_35,PCH_2,PCH_21"
1867,"PCH_9,PCH_30,PCH_27,PCH_19,PCH_33,PCH_29,PCH_32,PCH_17,PCH_10"
1868,"PCH_2,PCH_30,PCH_25,PCH_26"
1869,"PCH_28,PCH_14,PCH_22,PCH_24,PCH_9,PCH_16"
1870,"PCH_34,PCH_33,PCH_24,PCH_7"
1871,"PCH_11,PCH_1,PCH_27,PCH_30,PCH_25,PCH_4"
1872,"PCH_5,PCH_12,PCH_19,PCH_7"
1873,"PCH_12,PCH_1,PCH_19,PCH_34,PCH_24,PCH_26,PCH_20"
1874,"PCH_19,PCH_25,PCH_7,PCH_12,PCH_27"
1875,"PCH_33,PCH_35,PCH_27,PCH_8,PCH_34,PCH_13,PCH_22,PCH_10"
1876,"PCH_33,PCH_9,PCH_17,PCH_3,PCH_7,PCH_11"
1877,"PCH_5,PCH_17,PCH_33,PCH_18"
1878,"PCH_9,PCH_13"
1879,"PCH_27,PCH_14"
1880,"PCH_12,PCH_21,PCH_4"
1881,"PCH_22,PCH_10,PCH_8,PCH_35,PCH_17,PCH_3,PCH_26,PCH_14,PCH_19,PCH_24"
1882,"PCH_4,PCH_2,PCH_27"
1883,"PCH_20,PCH_13,PCH_7,PCH_4,PCH_22,PCH_27,PCH_10,PCH_11"
1884,"PCH_6,PCH_20,PCH_5"
1885,"PCH_28,PCH_2,PCH_22,PCH_7,PCH_25,PCH_15"
1886,"PCH_34,PCH_21,PCH_23,PCH_18,PCH_2,PCH_26,PCH_27,PCH_35,PCH_16"
1887,"PCH_30,PCH_20,PCH_24,PCH_32,PCH_4,PCH_34,PCH_21"
1888,"PCH_17,PCH_24,PCH_19,PCH_35,PCH_3,PCH_33,PCH_16,PCH_32,PCH_20,PCH_6"
1889,"PCH_7,PCH_17,PCH_34,PCH_25,PCH_12,PCH_19,PCH_27,PCH_3,PCH_14,PCH_15"
1890,"PCH_25,PCH_21,PCH_3,PCH_22"
1891,"PCH_1,PCH_29,PCH_35,PCH_8,PCH_19,PCH_11,PCH_30,PCH_28,PCH_26,PCH_23"
1892,"PCH_19,PCH_27,PCH_21,PCH_7,PCH_8,PCH_35,PCH_5,PCH_30,PCH_24,PCH_14"
1893,"PCH_10,PCH_30,PCH_7,PCH_9,PCH_11,PCH_23,PCH_19,PCH_20"
1894,"PCH_4,PCH_14"
1895,"PCH_35,PCH_10,PCH_14,PCH_24,PCH_6,PCH_12,PCH_26,PCH_22,PCH_13,PCH_28"
1896,"PCH_5,PCH_21,PCH_20"
1897,"PCH_15,PCH_13,PCH_19,PCH_3,PCH_1,PCH_12,PCH_23,PCH_14,PCH_8"
1898,"PCH_4,PCH_12,PCH_7,PCH_28"
1899,"PCH_14,PCH_33,PCH_11,PCH_26,PCH_28,PCH_30,PCH_2"
1900,"PCH_27,PCH_17"
1901,"PCH_29,PCH_30"
1902,"PCH_13,PCH_7,PCH_28,PCH_27,PCH_17,PCH_31,PCH_16,PCH_29,PCH_33"
1903,"PCH_12,PCH_2,PCH_5,PCH_23"
1904,"PCH_8,PCH_31,PCH_16,PCH_26,PCH_30,PCH_21,PCH_6"
1905,"PCH_25,PCH_22,PCH_4,PCH_17,PCH_2,PCH_23,PCH_21"
1906,"PCH_22,PCH_30,PCH_7,PCH_25,PCH_34,PCH_4"
1907,"PCH_11,PCH_28,PCH_23,PCH_10,PCH_27,PCH_16,PCH_17,PCH_34,PCH_33,PCH_22"
1908,"PCH_30,PCH_5,PCH_10,PCH_14,PCH_7,PCH_32,PCH_19,PCH_21,PCH_28,PCH_3"
1909,"PCH_13,PCH_8,PCH_12,PCH_21"
1910,"PCH_11,PCH_21,PCH_5"
1911,"PCH_16,PCH_17,PCH_8,PCH_21,PCH_19"
1912,"PCH_2,PCH_3"
1913,"PCH_31,PCH_35"
1914,"PCH_3,PCH_34,PCH_12,PCH_8,PCH_2,PCH_35,PCH_5"
1915,"PCH_4,PCH_20,PCH_35,PCH_34,PCH_22,PCH_23"
1916,"PCH_17,PCH_29,PCH_24,PCH_33,PCH_21,PCH_4,PCH_11"
1917,"PCH_4,PCH_2,PCH_29,PCH_16,PCH_33,PCH_9"
1918,"PCH_1,PCH_20"
1919,"PCH_9,PCH_34,PCH_16,PCH_11,PCH_20,PCH_18"
1920,"PCH_20,PCH_25"
1921,"PCH_35,PCH_28,PCH_14"
1922,"PCH_14,PCH_5,PCH_4,PCH_23"
1923,"PCH_34,PCH_27,PCH_26,PCH_35,PCH_8,PCH_16,PCH_1,PCH_22,PCH_30,PCH_14"
1924,"PCH_29,PCH_7,PCH_33,PCH_10,PCH_35,PCH_5"
1925,"PCH_22,PCH_13,PCH_5"
1926,"PCH_26,PCH_25,PCH_32,PCH_29,PCH_1,PCH_23"
1927,"PCH_12,PCH_34,PCH_14"
1928,"PCH_17,PCH_19,PCH_15,PCH_33,PCH_30,PCH_21,PCH_9,PCH_26,PCH_4,PCH_25"
1929,"PCH_14,PCH_3,PCH_10,PCH_20,PCH_21"
1930,"PCH_19,PCH_10,PCH_26,PCH_34,PCH_16,PCH_4,PCH_15,PCH_9"
1931,"PCH_2,PCH_35,PCH_19,PCH_17,PCH_13,PCH_24,PCH_10,PCH_32,PCH_9"
1932,"PCH_32,PCH_6,PCH_13,PCH_10,PCH_29,PCH_27,PCH_3"
1933,"PCH_20,PCH_24,PCH_33,PCH_10,PCH_11,PCH_25,PCH_19"
1934,"PCH_13,PCH_26,PCH_1,PCH_3,PCH_20,PCH_4,PCH_8,PCH_25"
1935,"PCH_30,PCH_22,PCH_24,PCH_9,PCH_17,PCH_7,PCH_18,PCH_2,PCH_29,PCH_21"
1936,"PCH_5,PCH_29,PCH_1,PCH_14,PCH_20,PCH_16,PCH_15"
1937,"PCH_21,PCH_6"
1938,"PCH_28,PCH_11,PCH_22,PCH_32,PCH_26,PCH_27,PCH_33,PCH_25,PCH_35,PCH_17"
1939,"PCH_9,PCH_10,PCH_35,PCH_25,PCH_17,PCH_15,PCH_32,PCH_29"
1940,"PCH_31,PCH_33,PCH_25,PCH_30,PCH_29"
1941,"PCH_17,PCH_14,PCH_12,PCH_33,PCH_29,PCH_2,PCH_24,PCH_10"
1942,"PCH_25,PCH_22,PCH_11,PCH_4"
1943,"PCH_32,PCH_10,PCH_6,PCH_3,PCH_28,PCH_35,PCH_12,PCH_25,PCH_23,PCH_14"
1944,"PCH_6,PCH_16,PCH_9,PCH_31,PCH_29,PCH_2,PCH_30,PCH_17,PCH_1,PCH_14"
1945,"PCH_23,PCH_18,PCH_35,PCH_20,PCH_4,PCH_1"
1946,"PCH_8,PCH_34,PCH_29,PCH_18,PCH_5,PCH_32,PCH_33,PCH_17"
1947,"PCH_24,PCH_5,PCH_29,PCH_16,PCH_13"
1948,"PCH_27,PCH_16,PCH_20,PCH_33"
1949,"PCH_26,PCH_1,PCH_30"
1950,"PCH_12,PCH_10"
1951,"PCH_4,PCH_12,PCH_14,PCH_26,PCH_30,PCH_5,PCH_19,PCH_3,PCH_25,PCH_27"
1952,"PCH_24,PCH_4,PCH_11,PCH_21"
1953,"PCH_28,PCH_33,PCH_6,PCH_35,PCH_24,PCH_23,PCH_7"
1954,"PCH_6,PCH_19,PCH_31"
1955,"PCH_26,PCH_7,PCH_14,PCH_19,PCH_33,PCH_8,PCH_27"
1956,"PCH_30,PCH_1,PCH_14,PCH_8,PCH_5,PCH_9,PCH_3"
1957,"PCH_25,PCH_31,PCH_2"
1958,"PCH_24,PCH_8,PCH_15,PCH_29"
1959,"PCH_27,PCH_13,PCH_29,PCH_32,PCH_23,PCH_5,PCH_33,PCH_18"
1960,"PCH_21,PCH_26,PCH_31,PCH_34,PCH_9"
1961,"PCH_29,PCH_25,PCH_35"
1962,"PCH_20,PCH_21"
1963,"PCH_7,PCH_5,PCH_31"
1964,"PCH_11,PCH_34,PCH_4,PCH_35,PCH_3"
1965,"PCH_15,PCH_30,PCH_3,PCH_24,PCH_19,PCH_32,PCH_25,PCH_12"
1966,"PCH_32,PCH_10,PCH_27,PCH_9"
1967,"PCH_23,PCH_21,PCH_10,PCH_24,PCH_13"
1968,"PCH_7,PCH_4,PCH_6,PCH_3,PCH_35"
1969,"PCH_8,PCH_6,PCH_25,PCH_3,PCH_4,PCH_9,PCH_2,PCH_12"
1970,"PCH_32,PCH_6"
1971,"PCH_9,PCH_20,PCH_32,PCH_30,PCH_10,PCH_23,PCH_13,PCH_27"
1972,"PCH_8,PCH_22,PCH_11,PCH_5"
1973,"PCH_17,PCH_3"
1974,"PCH_30,PCH_12,PCH_4,PCH_21,PCH_1,PCH_3"
1975,"PCH_6,PCH_19,PCH_31,PCH_33,PCH_14,PCH_21,PCH_35,PCH_1,PCH_24"
1976,"PCH_33,PCH_31,PCH_35,PCH_24,PCH_9"
1977,"PCH_29,PCH_1,PCH_23,PCH_5,PCH_25,PCH_35,PCH_22,PCH_12"
1978,"PCH_11,PCH_3,PCH_27,PCH_33,PCH_12,PCH_8,PCH_5,PCH_34,PCH_14,PCH_25"
1979,"PCH_7,PCH_15,PCH_27,PCH_11"
1980,"PCH_19,PCH_27,PCH_23,PCH_34,PCH_12,PCH_13,PCH_33,PCH_30,PCH_29"
1981,"PCH_33,PCH_32,PCH_14"
1982,"PCH_17,PCH_33,PCH_14,PCH_16,PCH_28,PCH_2,PCH_12"
1983,"PCH_17,PCH_33,PCH_23,PCH_35,PCH_25,PCH_24,PCH_8,PCH_29,PCH_21,PCH_3"
1984,"PCH_12,PCH_28,PCH_2,PCH_13,PCH_21,PCH_5,PCH_4"
1985,"PCH_17,PCH_22"
1986,"PCH_11,PCH_4,PCH_12,PCH_30,PCH_23"
1987,"PCH_5,PCH_26,PCH_33,PCH_35,PCH_32,PCH_8,PCH_20,PCH_14,PCH_34"
1988,"PCH_27,PCH_35,PCH_31,PCH_25,PCH_26,PCH_19,PCH_4,PCH_29,PCH_6,PCH_28"
1989,"PCH_35,PCH_12,PCH_5,PCH_29,PCH_23,PCH_9"
1990,"PCH_9,PCH_22,PCH_4,PCH_5,PCH_15,PCH_3,PCH_35,PCH_18"
1991,"PCH_24,PCH_2,PCH_3,PCH_18"
1992,"PCH_3,PCH_35,PCH_5,PCH_17,PCH_33,PCH_24,PCH_31,PCH_27,PCH_13,PCH_15"
1993,"PCH_7,PCH_28,PCH_27,PCH_35"
1994,"PCH_21,PCH_15,PCH_33,PCH_22,PCH_2,PCH_19,PCH_14"
1995,"PCH_5,PCH_24,PCH_7,PCH_8,PCH_13"
1996,"PCH_23,PCH_8,PCH_29,PCH_11,PCH_31,PCH_16,PCH_7"
1997,"PCH_25,PCH_32,PCH_9,PCH_26"
1998,"PCH_17,PCH_25,PCH_35,PCH_12,PCH_20,PCH_5,PCH_31,PCH_22,PCH_11,PCH_23"
1999,"PCH_3,PCH_24,PCH_8"
2000,"PCH_5,PCH_1,PCH_30,PCH_27,PCH_7,PCH_3,PCH_33,PCH_21,PCH_26"
2001,"PCH_20,PCH_21,PCH_31,PCH_18"
2002,"PCH_8,PCH_12"
2003,"PCH_26,PCH_7,PCH_24,PCH_10,PCH_17,PCH_18,PCH_11,PCH_20,PCH_2"
2004,"PCH_34,PCH_11,PCH_7,PCH_30"
2005,"PCH_35,PCH_16,PCH_30,PCH_10,PCH_23,PCH_32"
2006,"PCH_32,PCH_21,PCH_18,PCH_13,PCH_19,PCH_8,PCH_24,PCH_23,PCH_7,PCH_6"
2007,"PCH_26,PCH_22,PCH_23,PCH_5,PCH_10,PCH_9,PCH_29,PCH_4,PCH_34,PCH_24"
2008,"PCH_3,PCH_35,PCH_20,PCH_13,PCH_21,PCH_2,PCH_23"
2009,"PCH_27,PCH_5,PCH_23,PCH_19,PCH_13,PCH_16,PCH_8,PCH_9,PCH_26"
2010,"PCH_5,PCH_20,PCH_22,PCH_30,PCH_1"
2011,"PCH_19,PCH_28,PCH_35,PCH_26,PCH_7"
2012,"PCH_31,PCH_13,PCH_18,PCH_16"
2013,"PCH_25,PCH_21,PCH_5,PCH_22,PCH_31,PCH_1"
2014,"PCH_31,PCH_29,PCH_28,PCH_19,PCH_20,PCH_25,PCH_21,PCH_15"
2015,"PCH_6,PCH_12,PCH_16"
2016,"PCH_33,PCH_2,PCH_23,PCH_12,PCH_20,PCH_1"
2017,"PCH_17,PCH_25,PCH_19,PCH_33,PCH_21,PCH_8"
2018,"PCH_35,PCH_3,PCH_7,PCH_19,PCH_18,PCH_28,PCH_11,PCH_8,PCH_32,PCH_4"
2019,"PCH_28,PCH_34,PCH_33,PCH_10,PCH_12"
2020,"PCH_15,PCH_28,PCH_26,PCH_17,PCH_33,PCH_4"
2021,"PCH_25,PCH_11,PCH_34,PCH_22,PCH_4"
2022,"PCH_8,PCH_30,PCH_21,PCH_7,PCH_10,PCH_24,PCH_23,PCH_29,PCH_27"
2023,"PCH_13,PCH_19,PCH_30,PCH_35"
2024,"PCH_24,PCH_1,PCH_11,PCH_27,PCH_4,PCH_33,PCH_10,PCH_20,PCH_19,PCH_25"
2025,"PCH_22,PCH_19,PCH_5,PCH_27,PCH_6,PCH_21,PCH_35,PCH_25,PCH_10,PCH_11"
2026,"PCH_30,PCH_20,PCH_3"
2027,"PCH_5,PCH_3,PCH_31,PCH_7,PCH_6,PCH_4,PCH_28,PCH_27"
2028,"PCH_33,PCH_2,PCH_30,PCH_6,PCH_17,PCH_34,PCH_31,PCH_1,PCH_29"
2029,"PCH_19,PCH_2,PCH_13,PCH_10,PCH_1,PCH_29,PCH_21,PCH_26,PCH_33"
2030,"PCH_19,PCH_31,PCH_8,PCH_16,PCH_4,PCH_17,PCH_21,PCH_25,PCH_7,PCH_20"
